-- phpMyAdmin SQL Dump
-- version 5.2.2
-- https://www.phpmyadmin.net/
--
-- Хост: db
-- Время создания: Фев 04 2026 г., 17:52
-- Версия сервера: 8.0.42
-- Версия PHP: 8.2.27

SET SQL_MODE = "NO_AUTO_VALUE_ON_ZERO";
START TRANSACTION;
SET time_zone = "+00:00";


/*!40101 SET @OLD_CHARACTER_SET_CLIENT=@@CHARACTER_SET_CLIENT */;
/*!40101 SET @OLD_CHARACTER_SET_RESULTS=@@CHARACTER_SET_RESULTS */;
/*!40101 SET @OLD_COLLATION_CONNECTION=@@COLLATION_CONNECTION */;
/*!40101 SET NAMES utf8mb4 */;

--
-- База данных: `pegas`
--

-- --------------------------------------------------------

--
-- Структура таблицы `addition`
--

CREATE TABLE `addition` (
  `id` int NOT NULL,
  `name` varchar(500) NOT NULL,
  `description` text NOT NULL,
  `users_access` varchar(500) NOT NULL
) ENGINE=InnoDB DEFAULT CHARSET=utf8mb4 COLLATE=utf8mb4_0900_ai_ci;

--
-- Дамп данных таблицы `addition`
--

INSERT INTO `addition` (`id`, `name`, `description`, `users_access`) VALUES
(1, 'Классическое приложение № 1 ', '', '|55|,|56|,|57|,|58|,|59|,');

-- --------------------------------------------------------

--
-- Структура таблицы `additional_expenses`
--

CREATE TABLE `additional_expenses` (
  `id` int NOT NULL,
  `type_expenses` varchar(255) CHARACTER SET utf8mb4 COLLATE utf8mb4_0900_ai_ci NOT NULL,
  `sum` varchar(255) NOT NULL,
  `type_payment` varchar(255) NOT NULL,
  `comment` varchar(500) NOT NULL,
  `type_for` tinyint NOT NULL COMMENT '0 - перевозчик\r\n1 - клиент',
  `id_application` int NOT NULL,
  `is_paid` int NOT NULL DEFAULT '0'
) ENGINE=InnoDB DEFAULT CHARSET=utf8mb4 COLLATE=utf8mb4_0900_ai_ci;

--
-- Дамп данных таблицы `additional_expenses`
--

INSERT INTO `additional_expenses` (`id`, `type_expenses`, `sum`, `type_payment`, `comment`, `type_for`, `id_application`, `is_paid`) VALUES
(1, 'Страховка', '500', 'Б/НДС', '', 0, 1, 0),
(3, 'Страховка', '500', 'Б/НДС', '', 0, 9, 0),
(7, 'Страховка', '500', 'Б/НДС', '', 0, 8, 0),
(8, 'Грузчики', '5000', 'С НДС', '', 0, 8, 0),
(9, 'Страховка', '500', 'Б/НДС', '', 0, 32, 0),
(12, 'Страховка', '500', 'Б/НДС', '', 0, 33, 0),
(13, 'Рохля', '5000', 'НАЛ', 'Аренда', 0, 33, 0),
(14, 'Страховка', '500', 'Б/НДС', '', 0, 34, 0),
(16, 'Страховка', '500', 'Б/НДС', '', 0, 35, 0),
(17, 'Страховка', '500', 'Б/НДС', '', 0, 36, 0),
(19, 'Страховка', '500', 'Б/НДС', '', 0, 37, 0);

-- --------------------------------------------------------

--
-- Структура таблицы `additional_expenses_prr`
--

CREATE TABLE `additional_expenses_prr` (
  `id` int NOT NULL,
  `type_expenses` varchar(255) NOT NULL,
  `sum` varchar(255) NOT NULL,
  `type_payment` varchar(255) NOT NULL,
  `comment` varchar(500) NOT NULL,
  `id_application` int NOT NULL
) ENGINE=InnoDB DEFAULT CHARSET=utf8mb4 COLLATE=utf8mb4_0900_ai_ci;

-- --------------------------------------------------------

--
-- Структура таблицы `additional_expenses_ts`
--

CREATE TABLE `additional_expenses_ts` (
  `id` int NOT NULL,
  `type_expenses` varchar(255) NOT NULL,
  `sum` varchar(255) NOT NULL,
  `type_payment` varchar(255) NOT NULL,
  `comment` varchar(500) NOT NULL,
  `id_application` int NOT NULL
) ENGINE=InnoDB DEFAULT CHARSET=utf8mb4 COLLATE=utf8mb4_0900_ai_ci;

-- --------------------------------------------------------

--
-- Структура таблицы `additional_profit`
--

CREATE TABLE `additional_profit` (
  `id` int NOT NULL,
  `type` varchar(255) NOT NULL,
  `sum` varchar(255) NOT NULL,
  `type_payment` varchar(255) NOT NULL,
  `comment` varchar(500) NOT NULL,
  `id_application` int NOT NULL
) ENGINE=InnoDB DEFAULT CHARSET=utf8mb4 COLLATE=utf8mb4_0900_ai_ci;

-- --------------------------------------------------------

--
-- Структура таблицы `additional_profit_ts`
--

CREATE TABLE `additional_profit_ts` (
  `id` int NOT NULL,
  `type` varchar(255) NOT NULL,
  `sum` varchar(255) NOT NULL,
  `type_payment` varchar(255) NOT NULL,
  `comment` varchar(500) NOT NULL,
  `id_application` int NOT NULL
) ENGINE=InnoDB DEFAULT CHARSET=utf8mb4 COLLATE=utf8mb4_0900_ai_ci;

-- --------------------------------------------------------

--
-- Структура таблицы `applications`
--

CREATE TABLE `applications` (
  `id` int NOT NULL,
  `date` datetime DEFAULT NULL,
  `customer_id_Carrier` int NOT NULL COMMENT 'Заказчик(У перевозчика)',
  `application_title_Carrier` varchar(255) CHARACTER SET utf8mb4 COLLATE utf8mb4_0900_ai_ci NOT NULL COMMENT 'Заголовок заявки(У перевозчика)',
  `carrier_id_Carrier` int NOT NULL COMMENT 'Перевозчик(У перевозчика)',
  `customer_id_Client` int NOT NULL COMMENT 'Заказчик (У клиента)',
  `application_title_Client` varchar(255) CHARACTER SET utf8mb4 COLLATE utf8mb4_0900_ai_ci NOT NULL COMMENT 'Заголовок заявки(У клиента)',
  `proxy_Client` varchar(255) CHARACTER SET utf8mb4 COLLATE utf8mb4_0900_ai_ci NOT NULL COMMENT 'Доверенность (У клиента)',
  `client_id_Client` int NOT NULL COMMENT 'Клиент(У клиента)',
  `driver_id_Carrier` int NOT NULL COMMENT 'Водитель(У перевозчика)',
  `driver_id_Client` int NOT NULL COMMENT 'Водитель (У клиента)',
  `car_brand_id_Carrier` varchar(255) NOT NULL COMMENT 'Марка машины(У перевозчика)',
  `government_number_Carrier` varchar(255) CHARACTER SET utf8mb4 COLLATE utf8mb4_0900_ai_ci NOT NULL COMMENT 'Гос. номер(У перевозчика)',
  `semitrailer_Carrier` varchar(255) CHARACTER SET utf8mb4 COLLATE utf8mb4_0900_ai_ci NOT NULL COMMENT 'Полуприцеп(У перевозчика)',
  `type_transport_id_Carrier` varchar(255) NOT NULL COMMENT 'Тип транспорта(У перевозчика)',
  `type_carcase_id_Carrier` varchar(255) NOT NULL COMMENT 'Тип кузова (У перевозчика)',
  `type_carcase_id_Client` varchar(255) NOT NULL COMMENT 'Тип кузова(У клиента)',
  `car_brand_id_Client` varchar(255) NOT NULL COMMENT 'Марка машины(У клиента)',
  `government_number_Client` varchar(255) CHARACTER SET utf8mb4 COLLATE utf8mb4_0900_ai_ci NOT NULL COMMENT 'Гос.номер (У клиента)',
  `semitrailer_Client` varchar(255) CHARACTER SET utf8mb4 COLLATE utf8mb4_0900_ai_ci NOT NULL COMMENT 'Полуприцеп (У клиента)',
  `type_transport_id_Client` varchar(255) NOT NULL COMMENT 'Тип транспорта (У клиента)',
  `nature_cargo_Carrier` text CHARACTER SET utf8mb4 COLLATE utf8mb4_0900_ai_ci NOT NULL COMMENT 'Характер груза( У перевозчика )',
  `place_Carrier` varchar(255) CHARACTER SET utf8mb4 COLLATE utf8mb4_0900_ai_ci NOT NULL COMMENT 'Место ( У перевозчика )',
  `weight_Carrier` varchar(255) CHARACTER SET utf8mb4 COLLATE utf8mb4_0900_ai_ci NOT NULL COMMENT 'Вес ( У перевозчика )',
  `ref_mode_Carrier` varchar(255) CHARACTER SET utf8mb4 COLLATE utf8mb4_0900_ai_ci NOT NULL COMMENT 'Реф режим ( У перевозчика )',
  `nature_cargo_Client` text CHARACTER SET utf8mb4 COLLATE utf8mb4_0900_ai_ci NOT NULL COMMENT 'Характер груза ( У клиента )',
  `place_Client` varchar(255) CHARACTER SET utf8mb4 COLLATE utf8mb4_0900_ai_ci NOT NULL COMMENT 'Место ( У клиента )',
  `weight_Client` varchar(255) CHARACTER SET utf8mb4 COLLATE utf8mb4_0900_ai_ci NOT NULL COMMENT 'Вес ( У клиента )',
  `ref_mode_Client` varchar(255) CHARACTER SET utf8mb4 COLLATE utf8mb4_0900_ai_ci NOT NULL COMMENT 'Реф режим ( У клиента )',
  `special_conditions_Carrier` text CHARACTER SET utf8mb4 COLLATE utf8mb4_0900_ai_ci NOT NULL COMMENT 'Особые условия ( У перевозчика )',
  `special_conditions_Client` text CHARACTER SET utf8mb4 COLLATE utf8mb4_0900_ai_ci NOT NULL COMMENT 'Особые условия ( У клиента )',
  `terms_payment_Carrier` text CHARACTER SET utf8mb4 COLLATE utf8mb4_0900_ai_ci NOT NULL COMMENT 'Условия оплаты( У перевозчика )',
  `transportation_cost_Carrier` float NOT NULL COMMENT 'Стоимость перевозки( У перевозчика )',
  `taxation_type_Carrier` varchar(255) CHARACTER SET utf8mb4 COLLATE utf8mb4_0900_ai_ci NOT NULL COMMENT 'Вид налогооблажения ( У перевозчика )',
  `terms_payment_Client` text CHARACTER SET utf8mb4 COLLATE utf8mb4_0900_ai_ci NOT NULL COMMENT 'Условия оплаты( У клиента)',
  `transportation_cost_Client` float NOT NULL COMMENT 'Стоимость перевозки( У клиента )',
  `cost_cargo_Client` int NOT NULL COMMENT 'Стоимость груза ( У клиента )',
  `taxation_type_Client` varchar(255) CHARACTER SET utf8mb4 COLLATE utf8mb4_0900_ai_ci NOT NULL COMMENT 'Вид налогооблажения ( У клиент )',
  `prerequisites_Carrier` text CHARACTER SET utf8mb4 COLLATE utf8mb4_0900_ai_ci NOT NULL COMMENT 'Обязательные условия',
  `addition` text NOT NULL,
  `application_status` varchar(255) CHARACTER SET utf8mb4 COLLATE utf8mb4_0900_ai_ci NOT NULL DEFAULT 'В работе',
  `application_status_journal` varchar(255) NOT NULL,
  `application_section_journal` tinyint NOT NULL DEFAULT '1',
  `client_payment_status` varchar(255) CHARACTER SET utf8mb4 COLLATE utf8mb4_0900_ai_ci NOT NULL DEFAULT 'Ожидается счет',
  `carrier_payment_status` varchar(255) CHARACTER SET utf8mb4 COLLATE utf8mb4_0900_ai_ci NOT NULL DEFAULT 'Ожидается счет',
  `client_documents_status` varchar(255) CHARACTER SET utf8mb4 COLLATE utf8mb4_0900_ai_ci NOT NULL DEFAULT 'Ожидается счет',
  `carrier_documents_status` varchar(255) CHARACTER SET utf8mb4 COLLATE utf8mb4_0900_ai_ci NOT NULL DEFAULT 'Ожидается счет',
  `application_number` int NOT NULL,
  `application_number_client` varchar(255) DEFAULT NULL,
  `is_classic` int NOT NULL DEFAULT '1',
  `show_driver_number` int NOT NULL DEFAULT '1',
  `forwarding_receipt` int NOT NULL DEFAULT '0',
  `application_condition` int NOT NULL DEFAULT '0',
  `application_walrus` float NOT NULL DEFAULT '0' COMMENT 'Маржа с заявки',
  `application_net_profit` float NOT NULL DEFAULT '0',
  `manager_share` float NOT NULL DEFAULT '0' COMMENT 'Маржа для логиста',
  `carrier_chosen_info` varchar(255) CHARACTER SET utf8mb4 COLLATE utf8mb4_0900_ai_ci NOT NULL,
  `client_chosen_info` varchar(255) CHARACTER SET utf8mb4 COLLATE utf8mb4_0900_ai_ci NOT NULL,
  `attorney_number` int NOT NULL DEFAULT '0',
  `receipt_services_num` int NOT NULL DEFAULT '0',
  `hide_title` tinyint(1) NOT NULL DEFAULT '0',
  `manager_comment` text,
  `id_user` int NOT NULL DEFAULT '1',
  `cancelled` tinyint NOT NULL DEFAULT '0',
  `account_number_Client` varchar(255) NOT NULL,
  `account_number_Carrier` varchar(255) NOT NULL,
  `upd_number_Client` varchar(255) NOT NULL,
  `upd_number_Carrier` varchar(255) NOT NULL,
  `actual_payment_Client` float NOT NULL DEFAULT '0',
  `actual_payment_Carrier` float NOT NULL DEFAULT '0',
  `application_closed_date` date DEFAULT NULL,
  `application_closed_document_date` date DEFAULT NULL,
  `application_date_actual_unloading` date DEFAULT NULL,
  `account_status_Client` tinyint NOT NULL DEFAULT '0',
  `date_invoice_Client` date DEFAULT NULL,
  `full_payment_date_Client` date DEFAULT NULL,
  `full_payment_date_Carrier` date DEFAULT NULL,
  `ttn_received` int NOT NULL DEFAULT '0' COMMENT '0 - не отправлено 1 - отправлено',
  `ttn_sent` int NOT NULL DEFAULT '0' COMMENT '0 - не отправлено 1 - отправлено',
  `date_receipt_all_documents_Carrier` date DEFAULT NULL,
  `register_payment_comment` text,
  `prepayment_Carrier` tinyint(1) NOT NULL DEFAULT '0',
  `for_sales` tinyint(1) NOT NULL DEFAULT '0',
  `share_for_sales` float NOT NULL DEFAULT '0',
  `ati_claims` text,
  `pretrials_claims` text
) ENGINE=InnoDB DEFAULT CHARSET=utf8mb4 COLLATE=utf8mb4_0900_ai_ci;

--
-- Дамп данных таблицы `applications`
--

INSERT INTO `applications` (`id`, `date`, `customer_id_Carrier`, `application_title_Carrier`, `carrier_id_Carrier`, `customer_id_Client`, `application_title_Client`, `proxy_Client`, `client_id_Client`, `driver_id_Carrier`, `driver_id_Client`, `car_brand_id_Carrier`, `government_number_Carrier`, `semitrailer_Carrier`, `type_transport_id_Carrier`, `type_carcase_id_Carrier`, `type_carcase_id_Client`, `car_brand_id_Client`, `government_number_Client`, `semitrailer_Client`, `type_transport_id_Client`, `nature_cargo_Carrier`, `place_Carrier`, `weight_Carrier`, `ref_mode_Carrier`, `nature_cargo_Client`, `place_Client`, `weight_Client`, `ref_mode_Client`, `special_conditions_Carrier`, `special_conditions_Client`, `terms_payment_Carrier`, `transportation_cost_Carrier`, `taxation_type_Carrier`, `terms_payment_Client`, `transportation_cost_Client`, `cost_cargo_Client`, `taxation_type_Client`, `prerequisites_Carrier`, `addition`, `application_status`, `application_status_journal`, `application_section_journal`, `client_payment_status`, `carrier_payment_status`, `client_documents_status`, `carrier_documents_status`, `application_number`, `application_number_client`, `is_classic`, `show_driver_number`, `forwarding_receipt`, `application_condition`, `application_walrus`, `application_net_profit`, `manager_share`, `carrier_chosen_info`, `client_chosen_info`, `attorney_number`, `receipt_services_num`, `hide_title`, `manager_comment`, `id_user`, `cancelled`, `account_number_Client`, `account_number_Carrier`, `upd_number_Client`, `upd_number_Carrier`, `actual_payment_Client`, `actual_payment_Carrier`, `application_closed_date`, `application_closed_document_date`, `application_date_actual_unloading`, `account_status_Client`, `date_invoice_Client`, `full_payment_date_Client`, `full_payment_date_Carrier`, `ttn_received`, `ttn_sent`, `date_receipt_all_documents_Carrier`, `register_payment_comment`, `prepayment_Carrier`, `for_sales`, `share_for_sales`, `ati_claims`, `pretrials_claims`) VALUES
(1, '2025-08-04 11:54:30', 1, '', 2, 1, '', '', 1, 1, 1, 'ГАЗ', 'Р 521 ЛА / 22', '', '5 тонник ≈ 30 кубов', '', '', 'ГАЗ', 'Р 521 ЛА / 22', '', '5 тонник ≈ 30 кубов', '<p>Оборудования и запчасти 5 европалет&nbsp;</p>', '5', '1.5 тонн', 'нет', '<p>Оборудования и запчасти 5 европалет&nbsp;</p>', '5', '1.5 тонн', 'нет', '<p><strong>Особые условия прописаны в следующем листе. За несоблюдение особых условий штраф в размере 50% от стоимости перевозки.&nbsp;</strong><br><strong>Приложение № 1 считать продолжением данной заявки.</strong></p>', '', '<p>Оплата на р/с Б/НДС в течение 4-11 БД по оригиналам: договор-заявка, закрывающие (Счет, акт, УПД, С/Ф) и сопроводительные документы (ТТН, ТрН и др.)</p>', 100000, 'С НДС', '<p>Оплата на р/с с НДС.<br>По факту выгрузки ТС и оригиналам<br>документов 1-3 банковских дней.</p>', 150000, 0, 'С НДС', '<p><strong>Обязательные условия</strong></p>', '1', 'В работе', 'В пути', 1, 'Ожидается счет', 'Ожидается счет', 'Ожидается счет', 'Ожидается счет', 1001, '', 1, 0, 0, 0, 30875, 24236.9, 6638.12, '8 (777) 777-77-77, код в АТИ 123, Имя: Олег', '8 (777) 777-77-77', 0, 0, 0, NULL, 55, 0, '', '', '', '', 0, 0, NULL, NULL, NULL, 0, NULL, NULL, NULL, 0, 0, NULL, NULL, 0, 0, 0, NULL, NULL),
(2, '2025-08-04 11:54:30', 1, '', 2, 1, '', '', 1, 1, 1, 'ГАЗ', 'Р 521 ЛА / 22', '', '5 тонник ≈ 30 кубов', '', '', 'ГАЗ', 'Р 521 ЛА / 22', '', '5 тонник ≈ 30 кубов', '<p>Оборудования и запчасти 5 европалет&nbsp;</p>', '5', '1.5 тонн', 'нет', '<p>Оборудования и запчасти 5 европалет&nbsp;</p>', '5', '1.5 тонн', 'нет', '<p><strong>Особые условия прописаны в следующем листе. За несоблюдение особых условий штраф в размере 50% от стоимости перевозки.&nbsp;</strong><br><strong>Приложение № 1 считать продолжением данной заявки.</strong></p>', '', '<p>Оплата на р/с Б/НДС в течение 4-11 БД по оригиналам: договор-заявка, закрывающие (Счет, акт, УПД, С/Ф) и сопроводительные документы (ТТН, ТрН и др.)</p>', 100000, 'С НДС', '<p>Оплата на р/с с НДС.<br>По факту выгрузки ТС и оригиналам<br>документов 1-3 банковских дней.</p>', 150000, 0, 'С НДС', '<p><strong>Обязательные условия</strong></p>', '1', 'В работе', 'Е.Н.П', 1, 'Ожидается счет', 'Ожидается счет', 'Ожидается счет', 'Ожидается счет', 1002, '', 1, 0, 0, 0, 30875, 24236.9, 6638.12, '8 (777) 777-77-77, код в АТИ 123, Имя: Олег', '8 (777) 777-77-77', 0, 0, 0, NULL, 56, 0, '', '', '', '', 0, 0, NULL, NULL, NULL, 0, NULL, NULL, NULL, 0, 0, NULL, NULL, 0, 0, 0, NULL, NULL),
(3, '2025-08-04 11:54:30', 1, '', 2, 1, '', '', 1, 1, 1, 'ГАЗ', 'Р 521 ЛА / 22', '', '5 тонник ≈ 30 кубов', '', '', 'ГАЗ', 'Р 521 ЛА / 22', '', '5 тонник ≈ 30 кубов', '<p>Оборудования и запчасти 5 европалет&nbsp;</p>', '5', '1.5 тонн', 'нет', '<p>Оборудования и запчасти 5 европалет&nbsp;</p>', '5', '1.5 тонн', 'нет', '<p><strong>Особые условия прописаны в следующем листе. За несоблюдение особых условий штраф в размере 50% от стоимости перевозки.&nbsp;</strong><br><strong>Приложение № 1 считать продолжением данной заявки.</strong></p>', '', '<p>Оплата на р/с Б/НДС в течение 4-11 БД по оригиналам: договор-заявка, закрывающие (Счет, акт, УПД, С/Ф) и сопроводительные документы (ТТН, ТрН и др.)</p>', 100000, 'С НДС', '<p>Оплата на р/с с НДС.<br>По факту выгрузки ТС и оригиналам<br>документов 1-3 банковских дней.</p>', 150000, 0, 'С НДС', '<p><strong>Обязательные условия</strong></p>', '1', 'В работе', 'Е.Н.П', 1, 'Ожидается счет', 'Ожидается счет', 'Ожидается счет', 'Ожидается счет', 1003, '', 1, 0, 0, 0, 30875, 24236.9, 6638.12, '8 (777) 777-77-77, код в АТИ 123, Имя: Олег', '8 (777) 777-77-77', 0, 0, 0, NULL, 57, 0, '', '', '', '', 0, 0, NULL, NULL, NULL, 0, NULL, NULL, NULL, 0, 0, NULL, NULL, 0, 0, 0, NULL, NULL),
(4, '2025-08-05 11:54:30', 1, '', 2, 1, '', '', 1, 1, 1, 'ГАЗ', 'Р 521 ЛА / 22', '', '5 тонник ≈ 30 кубов', '', '', 'ГАЗ', 'Р 521 ЛА / 22', '', '5 тонник ≈ 30 кубов', '<p>Оборудования и запчасти 5 европалет&nbsp;</p>', '5', '1.5 тонн', 'нет', '<p>Оборудования и запчасти 5 европалет&nbsp;</p>', '5', '1.5 тонн', 'нет', '<p><strong>Особые условия прописаны в следующем листе. За несоблюдение особых условий штраф в размере 50% от стоимости перевозки.&nbsp;</strong><br><strong>Приложение № 1 считать продолжением данной заявки.</strong></p>', '', '<p>Оплата на р/с Б/НДС в течение 4-11 БД по оригиналам: договор-заявка, закрывающие (Счет, акт, УПД, С/Ф) и сопроводительные документы (ТТН, ТрН и др.)</p>', 100000, 'С НДС', '<p>Оплата на р/с с НДС.<br>По факту выгрузки ТС и оригиналам<br>документов 1-3 банковских дней.</p>', 150000, 0, 'С НДС', '<p><strong>Обязательные условия</strong></p>', '1', 'В работе', 'Е.Н.П', 1, 'Ожидается счет', 'Ожидается счет', 'Ожидается счет', 'Ожидается счет', 1004, '', 1, 0, 0, 0, 30875, 24236.9, 6638.12, '8 (777) 777-77-77, код в АТИ 123, Имя: Олег', '8 (777) 777-77-77', 0, 0, 0, NULL, 59, 0, '', '', '', '', 0, 0, NULL, NULL, NULL, 0, NULL, NULL, NULL, 0, 0, NULL, NULL, 0, 0, 0, NULL, NULL),
(5, '2025-08-05 11:54:30', 1, '', 2, 1, '', '', 1, 1, 1, 'ГАЗ', 'Р 521 ЛА / 22', '', '5 тонник ≈ 30 кубов', '', '', 'ГАЗ', 'Р 521 ЛА / 22', '', '5 тонник ≈ 30 кубов', '<p>Оборудования и запчасти 5 европалет&nbsp;</p>', '5', '1.5 тонн', 'нет', '<p>Оборудования и запчасти 5 европалет&nbsp;</p>', '5', '1.5 тонн', 'нет', '<p><strong>Особые условия прописаны в следующем листе. За несоблюдение особых условий штраф в размере 50% от стоимости перевозки.&nbsp;</strong><br><strong>Приложение № 1 считать продолжением данной заявки.</strong></p>', '', '<p>Оплата на р/с Б/НДС в течение 4-11 БД по оригиналам: договор-заявка, закрывающие (Счет, акт, УПД, С/Ф) и сопроводительные документы (ТТН, ТрН и др.)</p>', 100000, 'С НДС', '<p>Оплата на р/с с НДС.<br>По факту выгрузки ТС и оригиналам<br>документов 1-3 банковских дней.</p>', 150000, 0, 'С НДС', '<p><strong>Обязательные условия</strong></p>', '1', 'В работе', 'Е.Н.П', 1, 'Ожидается счет', 'Ожидается счет', 'Ожидается счет', 'Ожидается счет', 1005, '', 1, 0, 0, 0, 30875, 24236.9, 6638.12, '8 (777) 777-77-77, код в АТИ 123, Имя: Олег', '8 (777) 777-77-77', 0, 0, 0, NULL, 55, 0, '', '', '', '', 0, 0, NULL, NULL, NULL, 0, NULL, NULL, NULL, 0, 0, NULL, NULL, 0, 0, 0, NULL, NULL),
(6, '2025-08-05 11:54:30', 1, '', 2, 1, '', '', 1, 1, 1, 'ГАЗ', 'Р 521 ЛА / 22', '', '5 тонник ≈ 30 кубов', '', '', 'ГАЗ', 'Р 521 ЛА / 22', '', '5 тонник ≈ 30 кубов', '<p>Оборудования и запчасти 5 европалет&nbsp;</p>', '5', '1.5 тонн', 'нет', '<p>Оборудования и запчасти 5 европалет&nbsp;</p>', '5', '1.5 тонн', 'нет', '<p><strong>Особые условия прописаны в следующем листе. За несоблюдение особых условий штраф в размере 50% от стоимости перевозки.&nbsp;</strong><br><strong>Приложение № 1 считать продолжением данной заявки.</strong></p>', '', '<p>Оплата на р/с Б/НДС в течение 4-11 БД по оригиналам: договор-заявка, закрывающие (Счет, акт, УПД, С/Ф) и сопроводительные документы (ТТН, ТрН и др.)</p>', 100000, 'С НДС', '<p>Оплата на р/с с НДС.<br>По факту выгрузки ТС и оригиналам<br>документов 1-3 банковских дней.</p>', 150000, 0, 'С НДС', '<p><strong>Обязательные условия</strong></p>', '1', 'В работе', 'Е.Н.П', 1, 'Ожидается счет', 'Ожидается счет', 'Ожидается счет', 'Ожидается счет', 1006, '', 1, 0, 0, 0, 30875, 24236.9, 6638.12, '8 (777) 777-77-77, код в АТИ 123, Имя: Олег', '8 (777) 777-77-77', 0, 0, 0, NULL, 57, 0, '', '', '', '', 0, 0, NULL, NULL, NULL, 0, NULL, NULL, NULL, 0, 0, NULL, NULL, 0, 0, 0, NULL, NULL),
(7, '2025-08-05 11:54:30', 1, '', 2, 1, '', '', 1, 1, 1, 'ГАЗ', 'Р 521 ЛА / 22', '', '5 тонник ≈ 30 кубов', '', '', 'ГАЗ', 'Р 521 ЛА / 22', '', '5 тонник ≈ 30 кубов', '<p>Оборудования и запчасти 5 европалет&nbsp;</p>', '5', '1.5 тонн', 'нет', '<p>Оборудования и запчасти 5 европалет&nbsp;</p>', '5', '1.5 тонн', 'нет', '<p><strong>Особые условия прописаны в следующем листе. За несоблюдение особых условий штраф в размере 50% от стоимости перевозки.&nbsp;</strong><br><strong>Приложение № 1 считать продолжением данной заявки.</strong></p>', '', '<p>Оплата на р/с Б/НДС в течение 4-11 БД по оригиналам: договор-заявка, закрывающие (Счет, акт, УПД, С/Ф) и сопроводительные документы (ТТН, ТрН и др.)</p>', 100000, 'С НДС', '<p>Оплата на р/с с НДС.<br>По факту выгрузки ТС и оригиналам<br>документов 1-3 банковских дней.</p>', 150000, 0, 'С НДС', '<p><strong>Обязательные условия</strong></p>', '1', 'В работе', 'Е.Н.П', 1, 'Ожидается счет', 'Ожидается счет', 'Ожидается счет', 'Ожидается счет', 1007, '', 1, 0, 0, 0, 30875, 24236.9, 6638.12, '8 (777) 777-77-77, код в АТИ 123, Имя: Олег', '8 (777) 777-77-77', 0, 0, 0, NULL, 59, 0, '', '', '', '', 0, 0, NULL, NULL, NULL, 0, NULL, NULL, NULL, 0, 0, NULL, NULL, 0, 0, 0, NULL, NULL),
(8, '2025-08-05 11:54:30', 1, '', 2, 1, '', '', 1, 1, 1, 'ГАЗ', 'Р 521 ЛА / 22', '', '5 тонник ≈ 30 кубов', '', '', 'ГАЗ', 'Р 521 ЛА / 22', '', '5 тонник ≈ 30 кубов', '<p>Оборудования и запчасти 5 европалет&nbsp;</p>', '5', '1.5 тонн', 'нет', '<p>Оборудования и запчасти 5 европалет&nbsp;</p>', '5', '1.5 тонн', 'нет', '<p><strong>Особые условия прописаны в следующем листе. За несоблюдение особых условий штраф в размере 50% от стоимости перевозки.&nbsp;</strong><br><strong>Приложение № 1 считать продолжением данной заявки.</strong></p>', '', '<p>Оплата на р/с Б/НДС в течение 4-11 БД по оригиналам: договор-заявка, закрывающие (Счет, акт, УПД, С/Ф) и сопроводительные документы (ТТН, ТрН и др.)</p>', 105000, 'С НДС', '<p>Оплата на р/с с НДС.<br>По факту выгрузки ТС и оригиналам<br>документов 1-3 банковских дней.</p>', 150000, 0, 'С НДС', '<p><strong>Обязательные условия</strong></p>', '1', 'В работе', 'Выгрузился', 3, 'Оплачено полностью', 'Ожидается счет', 'Ожидается счет', 'Ожидается счет', 1008, '', 1, 0, 0, 0, 24625, 19330.6, 5294.38, '8 (777) 777-77-77, код в АТИ 123, Имя: Олег', '8 (777) 777-77-77', 0, 0, 0, NULL, 55, 0, '', '', '', '', 150000, 0, '2025-08-10', '2025-08-07', '2025-08-07', 0, NULL, '2025-08-10', NULL, 0, 0, NULL, NULL, 0, 0, 0, NULL, NULL),
(9, '2025-08-05 11:54:30', 1, '', 2, 1, '', '', 1, 1, 1, 'ГАЗ', 'Р 521 ЛА / 22', '', '5 тонник ≈ 30 кубов', '', '', 'ГАЗ', 'Р 521 ЛА / 22', '', '5 тонник ≈ 30 кубов', '<p>Оборудования и запчасти 5 европалет&nbsp;</p>', '5', '1.5 тонн', 'нет', '<p>Оборудования и запчасти 5 европалет&nbsp;</p>', '5', '1.5 тонн', 'нет', '<p><strong>Особые условия прописаны в следующем листе. За несоблюдение особых условий штраф в размере 50% от стоимости перевозки.&nbsp;</strong><br><strong>Приложение № 1 считать продолжением данной заявки.</strong></p>', '', '<p>Оплата на р/с Б/НДС в течение 4-11 БД по оригиналам: договор-заявка, закрывающие (Счет, акт, УПД, С/Ф) и сопроводительные документы (ТТН, ТрН и др.)</p>', 100000, 'С НДС', '<p>Оплата на р/с с НДС.<br>По факту выгрузки ТС и оригиналам<br>документов 1-3 банковских дней.</p>', 150000, 0, 'С НДС', '<p><strong>Обязательные условия</strong></p>', '1', 'В работе', 'Выгрузился', 3, 'Оплачено полностью', 'Ожидается счет', 'Ожидается счет', 'Ожидается счет', 1009, '', 1, 0, 0, 0, 31250, 24531.2, 6718.75, '8 (777) 777-77-77, код в АТИ 123, Имя: Олег', '8 (777) 777-77-77', 0, 0, 0, NULL, 55, 0, '', '', '', '', 150000, 0, '2025-08-10', '2025-08-10', '2025-08-04', 0, NULL, '2025-08-10', NULL, 0, 0, NULL, NULL, 0, 0, 0, NULL, NULL),
(10, '2025-08-06 11:54:30', 1, '', 2, 1, '', '', 1, 1, 1, 'ГАЗ', 'Р 521 ЛА / 22', '', '5 тонник ≈ 30 кубов', '', '', 'ГАЗ', 'Р 521 ЛА / 22', '', '5 тонник ≈ 30 кубов', '<p>Оборудования и запчасти 5 европалет&nbsp;</p>', '5', '1.5 тонн', 'нет', '<p>Оборудования и запчасти 5 европалет&nbsp;</p>', '5', '1.5 тонн', 'нет', '<p><strong>Особые условия прописаны в следующем листе. За несоблюдение особых условий штраф в размере 50% от стоимости перевозки.&nbsp;</strong><br><strong>Приложение № 1 считать продолжением данной заявки.</strong></p>', '', '<p>Оплата на р/с Б/НДС в течение 4-11 БД по оригиналам: договор-заявка, закрывающие (Счет, акт, УПД, С/Ф) и сопроводительные документы (ТТН, ТрН и др.)</p>', 100000, 'С НДС', '<p>Оплата на р/с с НДС.<br>По факту выгрузки ТС и оригиналам<br>документов 1-3 банковских дней.</p>', 150000, 0, 'С НДС', '<p><strong>Обязательные условия</strong></p>', '1', 'В работе', 'Е.Н.П', 1, 'Ожидается счет', 'Ожидается счет', 'Ожидается счет', 'Ожидается счет', 1010, '', 1, 0, 0, 0, 30875, 24236.9, 6638.12, '8 (777) 777-77-77, код в АТИ 123, Имя: Олег', '8 (777) 777-77-77', 0, 0, 0, NULL, 56, 0, '', '', '', '', 0, 0, NULL, NULL, NULL, 0, NULL, NULL, NULL, 0, 0, NULL, NULL, 0, 0, 0, NULL, NULL),
(11, '2025-08-06 11:54:30', 1, '', 2, 1, '', '', 1, 1, 1, 'ГАЗ', 'Р 521 ЛА / 22', '', '5 тонник ≈ 30 кубов', '', '', 'ГАЗ', 'Р 521 ЛА / 22', '', '5 тонник ≈ 30 кубов', '<p>Оборудования и запчасти 5 европалет&nbsp;</p>', '5', '1.5 тонн', 'нет', '<p>Оборудования и запчасти 5 европалет&nbsp;</p>', '5', '1.5 тонн', 'нет', '<p><strong>Особые условия прописаны в следующем листе. За несоблюдение особых условий штраф в размере 50% от стоимости перевозки.&nbsp;</strong><br><strong>Приложение № 1 считать продолжением данной заявки.</strong></p>', '', '<p>Оплата на р/с Б/НДС в течение 4-11 БД по оригиналам: договор-заявка, закрывающие (Счет, акт, УПД, С/Ф) и сопроводительные документы (ТТН, ТрН и др.)</p>', 100000, 'С НДС', '<p>Оплата на р/с с НДС.<br>По факту выгрузки ТС и оригиналам<br>документов 1-3 банковских дней.</p>', 150000, 0, 'С НДС', '<p><strong>Обязательные условия</strong></p>', '1', 'В работе', 'В пути', 1, 'Ожидается счет', 'Ожидается счет', 'Ожидается счет', 'Ожидается счет', 1011, '', 1, 0, 0, 0, 30875, 24236.9, 6638.12, '8 (777) 777-77-77, код в АТИ 123, Имя: Олег', '8 (777) 777-77-77', 0, 0, 0, NULL, 55, 0, '', '', '', '', 0, 0, NULL, NULL, NULL, 0, NULL, NULL, NULL, 0, 0, NULL, NULL, 0, 0, 0, NULL, NULL),
(12, '2025-08-06 11:54:30', 1, '', 2, 1, '', '', 1, 1, 1, 'ГАЗ', 'Р 521 ЛА / 22', '', '5 тонник ≈ 30 кубов', '', '', 'ГАЗ', 'Р 521 ЛА / 22', '', '5 тонник ≈ 30 кубов', '<p>Оборудования и запчасти 5 европалет&nbsp;</p>', '5', '1.5 тонн', 'нет', '<p>Оборудования и запчасти 5 европалет&nbsp;</p>', '5', '1.5 тонн', 'нет', '<p><strong>Особые условия прописаны в следующем листе. За несоблюдение особых условий штраф в размере 50% от стоимости перевозки.&nbsp;</strong><br><strong>Приложение № 1 считать продолжением данной заявки.</strong></p>', '', '<p>Оплата на р/с Б/НДС в течение 4-11 БД по оригиналам: договор-заявка, закрывающие (Счет, акт, УПД, С/Ф) и сопроводительные документы (ТТН, ТрН и др.)</p>', 100000, 'С НДС', '<p>Оплата на р/с с НДС.<br>По факту выгрузки ТС и оригиналам<br>документов 1-3 банковских дней.</p>', 150000, 0, 'С НДС', '<p><strong>Обязательные условия</strong></p>', '1', 'В работе', 'Е.Н.П', 1, 'Ожидается счет', 'Ожидается счет', 'Ожидается счет', 'Ожидается счет', 1012, '', 1, 0, 0, 0, 30875, 24236.9, 6638.12, '8 (777) 777-77-77, код в АТИ 123, Имя: Олег', '8 (777) 777-77-77', 0, 0, 0, NULL, 58, 0, '', '', '', '', 0, 0, NULL, NULL, NULL, 0, NULL, NULL, NULL, 0, 0, NULL, NULL, 0, 0, 0, NULL, NULL),
(13, '2025-08-06 11:54:30', 1, '', 2, 1, '', '', 1, 1, 1, 'ГАЗ', 'Р 521 ЛА / 22', '', '5 тонник ≈ 30 кубов', '', '', 'ГАЗ', 'Р 521 ЛА / 22', '', '5 тонник ≈ 30 кубов', '<p>Оборудования и запчасти 5 европалет&nbsp;</p>', '5', '1.5 тонн', 'нет', '<p>Оборудования и запчасти 5 европалет&nbsp;</p>', '5', '1.5 тонн', 'нет', '<p><strong>Особые условия прописаны в следующем листе. За несоблюдение особых условий штраф в размере 50% от стоимости перевозки.&nbsp;</strong><br><strong>Приложение № 1 считать продолжением данной заявки.</strong></p>', '', '<p>Оплата на р/с Б/НДС в течение 4-11 БД по оригиналам: договор-заявка, закрывающие (Счет, акт, УПД, С/Ф) и сопроводительные документы (ТТН, ТрН и др.)</p>', 100000, 'С НДС', '<p>Оплата на р/с с НДС.<br>По факту выгрузки ТС и оригиналам<br>документов 1-3 банковских дней.</p>', 150000, 0, 'С НДС', '<p><strong>Обязательные условия</strong></p>', '1', 'В работе', 'Е.Н.П', 1, 'Ожидается счет', 'Ожидается счет', 'Ожидается счет', 'Ожидается счет', 1013, '', 1, 0, 0, 0, 30875, 24236.9, 6638.12, '8 (777) 777-77-77, код в АТИ 123, Имя: Олег', '8 (777) 777-77-77', 0, 0, 0, NULL, 56, 0, '', '', '', '', 0, 0, NULL, NULL, NULL, 0, NULL, NULL, NULL, 0, 0, NULL, NULL, 0, 0, 0, NULL, NULL),
(14, '2025-08-06 11:54:30', 1, '', 2, 1, '', '', 1, 1, 1, 'ГАЗ', 'Р 521 ЛА / 22', '', '5 тонник ≈ 30 кубов', '', '', 'ГАЗ', 'Р 521 ЛА / 22', '', '5 тонник ≈ 30 кубов', '<p>Оборудования и запчасти 5 европалет&nbsp;</p>', '5', '1.5 тонн', 'нет', '<p>Оборудования и запчасти 5 европалет&nbsp;</p>', '5', '1.5 тонн', 'нет', '<p><strong>Особые условия прописаны в следующем листе. За несоблюдение особых условий штраф в размере 50% от стоимости перевозки.&nbsp;</strong><br><strong>Приложение № 1 считать продолжением данной заявки.</strong></p>', '', '<p>Оплата на р/с Б/НДС в течение 4-11 БД по оригиналам: договор-заявка, закрывающие (Счет, акт, УПД, С/Ф) и сопроводительные документы (ТТН, ТрН и др.)</p>', 100000, 'С НДС', '<p>Оплата на р/с с НДС.<br>По факту выгрузки ТС и оригиналам<br>документов 1-3 банковских дней.</p>', 150000, 0, 'С НДС', '<p><strong>Обязательные условия</strong></p>', '1', 'В работе', 'Е.Н.П', 1, 'Ожидается счет', 'Ожидается счет', 'Ожидается счет', 'Ожидается счет', 1014, '', 1, 0, 0, 0, 30875, 24236.9, 6638.12, '8 (777) 777-77-77, код в АТИ 123, Имя: Олег', '8 (777) 777-77-77', 0, 0, 0, NULL, 59, 0, '', '', '', '', 0, 0, NULL, NULL, NULL, 0, NULL, NULL, NULL, 0, 0, NULL, NULL, 0, 0, 0, NULL, NULL),
(15, '2025-08-07 11:54:30', 1, '', 2, 1, '', '', 1, 1, 1, 'ГАЗ', 'Р 521 ЛА / 22', '', '5 тонник ≈ 30 кубов', '', '', 'ГАЗ', 'Р 521 ЛА / 22', '', '5 тонник ≈ 30 кубов', '<p>Оборудования и запчасти 5 европалет&nbsp;</p>', '5', '1.5 тонн', 'нет', '<p>Оборудования и запчасти 5 европалет&nbsp;</p>', '5', '1.5 тонн', 'нет', '<p><strong>Особые условия прописаны в следующем листе. За несоблюдение особых условий штраф в размере 50% от стоимости перевозки.&nbsp;</strong><br><strong>Приложение № 1 считать продолжением данной заявки.</strong></p>', '', '<p>Оплата на р/с Б/НДС в течение 4-11 БД по оригиналам: договор-заявка, закрывающие (Счет, акт, УПД, С/Ф) и сопроводительные документы (ТТН, ТрН и др.)</p>', 100000, 'С НДС', '<p>Оплата на р/с с НДС.<br>По факту выгрузки ТС и оригиналам<br>документов 1-3 банковских дней.</p>', 150000, 0, 'С НДС', '<p><strong>Обязательные условия</strong></p>', '1', 'В работе', 'Е.Н.П', 1, 'Ожидается счет', 'Ожидается счет', 'Ожидается счет', 'Ожидается счет', 1015, '', 1, 0, 0, 0, 30875, 24236.9, 6638.12, '8 (777) 777-77-77, код в АТИ 123, Имя: Олег', '8 (777) 777-77-77', 0, 0, 0, NULL, 58, 0, '', '', '', '', 0, 0, NULL, NULL, NULL, 0, NULL, NULL, NULL, 0, 0, NULL, NULL, 0, 0, 0, NULL, NULL),
(16, '2025-08-07 11:54:30', 1, '', 2, 1, '', '', 1, 1, 1, 'ГАЗ', 'Р 521 ЛА / 22', '', '5 тонник ≈ 30 кубов', '', '', 'ГАЗ', 'Р 521 ЛА / 22', '', '5 тонник ≈ 30 кубов', '<p>Оборудования и запчасти 5 европалет&nbsp;</p>', '5', '1.5 тонн', 'нет', '<p>Оборудования и запчасти 5 европалет&nbsp;</p>', '5', '1.5 тонн', 'нет', '<p><strong>Особые условия прописаны в следующем листе. За несоблюдение особых условий штраф в размере 50% от стоимости перевозки.&nbsp;</strong><br><strong>Приложение № 1 считать продолжением данной заявки.</strong></p>', '', '<p>Оплата на р/с Б/НДС в течение 4-11 БД по оригиналам: договор-заявка, закрывающие (Счет, акт, УПД, С/Ф) и сопроводительные документы (ТТН, ТрН и др.)</p>', 100000, 'С НДС', '<p>Оплата на р/с с НДС.<br>По факту выгрузки ТС и оригиналам<br>документов 1-3 банковских дней.</p>', 150000, 0, 'С НДС', '<p><strong>Обязательные условия</strong></p>', '1', 'В работе', 'Е.Н.П', 1, 'Ожидается счет', 'Ожидается счет', 'Ожидается счет', 'Ожидается счет', 1016, '', 1, 0, 0, 0, 30875, 24236.9, 6638.12, '8 (777) 777-77-77, код в АТИ 123, Имя: Олег', '8 (777) 777-77-77', 0, 0, 0, NULL, 57, 0, '', '', '', '', 0, 0, NULL, NULL, NULL, 0, NULL, NULL, NULL, 0, 0, NULL, NULL, 0, 0, 0, NULL, NULL),
(17, '2025-08-08 11:54:30', 1, '', 2, 1, '', '', 1, 1, 1, 'ГАЗ', 'Р 521 ЛА / 22', '', '5 тонник ≈ 30 кубов', '', '', 'ГАЗ', 'Р 521 ЛА / 22', '', '5 тонник ≈ 30 кубов', '<p>Оборудования и запчасти 5 европалет&nbsp;</p>', '5', '1.5 тонн', 'нет', '<p>Оборудования и запчасти 5 европалет&nbsp;</p>', '5', '1.5 тонн', 'нет', '<p><strong>Особые условия прописаны в следующем листе. За несоблюдение особых условий штраф в размере 50% от стоимости перевозки.&nbsp;</strong><br><strong>Приложение № 1 считать продолжением данной заявки.</strong></p>', '', '<p>Оплата на р/с Б/НДС в течение 4-11 БД по оригиналам: договор-заявка, закрывающие (Счет, акт, УПД, С/Ф) и сопроводительные документы (ТТН, ТрН и др.)</p>', 100000, 'С НДС', '<p>Оплата на р/с с НДС.<br>По факту выгрузки ТС и оригиналам<br>документов 1-3 банковских дней.</p>', 150000, 0, 'С НДС', '<p><strong>Обязательные условия</strong></p>', '1', 'В работе', 'Е.Н.П', 1, 'Ожидается счет', 'Ожидается счет', 'Ожидается счет', 'Ожидается счет', 1017, '', 1, 0, 0, 0, 30875, 24236.9, 6638.12, '8 (777) 777-77-77, код в АТИ 123, Имя: Олег', '8 (777) 777-77-77', 0, 0, 0, NULL, 55, 0, '', '', '', '', 0, 0, NULL, NULL, NULL, 0, NULL, NULL, NULL, 0, 0, NULL, NULL, 0, 0, 0, NULL, NULL),
(18, '2025-08-08 11:54:30', 1, '', 2, 1, '', '', 1, 1, 1, 'ГАЗ', 'Р 521 ЛА / 22', '', '5 тонник ≈ 30 кубов', '', '', 'ГАЗ', 'Р 521 ЛА / 22', '', '5 тонник ≈ 30 кубов', '<p>Оборудования и запчасти 5 европалет&nbsp;</p>', '5', '1.5 тонн', 'нет', '<p>Оборудования и запчасти 5 европалет&nbsp;</p>', '5', '1.5 тонн', 'нет', '<p><strong>Особые условия прописаны в следующем листе. За несоблюдение особых условий штраф в размере 50% от стоимости перевозки.&nbsp;</strong><br><strong>Приложение № 1 считать продолжением данной заявки.</strong></p>', '', '<p>Оплата на р/с Б/НДС в течение 4-11 БД по оригиналам: договор-заявка, закрывающие (Счет, акт, УПД, С/Ф) и сопроводительные документы (ТТН, ТрН и др.)</p>', 100000, 'С НДС', '<p>Оплата на р/с с НДС.<br>По факту выгрузки ТС и оригиналам<br>документов 1-3 банковских дней.</p>', 150000, 0, 'С НДС', '<p><strong>Обязательные условия</strong></p>', '1', 'В работе', 'Е.Н.П', 1, 'Ожидается счет', 'Ожидается счет', 'Ожидается счет', 'Ожидается счет', 1018, '', 1, 0, 0, 0, 30875, 24236.9, 6638.12, '8 (777) 777-77-77, код в АТИ 123, Имя: Олег', '8 (777) 777-77-77', 0, 0, 0, NULL, 56, 0, '', '', '', '', 0, 0, NULL, NULL, NULL, 0, NULL, NULL, NULL, 0, 0, NULL, NULL, 0, 0, 0, NULL, NULL),
(19, '2025-08-09 11:54:30', 1, '', 2, 1, '', '', 1, 1, 1, 'ГАЗ', 'Р 521 ЛА / 22', '', '5 тонник ≈ 30 кубов', '', '', 'ГАЗ', 'Р 521 ЛА / 22', '', '5 тонник ≈ 30 кубов', '<p>Оборудования и запчасти 5 европалет&nbsp;</p>', '5', '1.5 тонн', 'нет', '<p>Оборудования и запчасти 5 европалет&nbsp;</p>', '5', '1.5 тонн', 'нет', '<p><strong>Особые условия прописаны в следующем листе. За несоблюдение особых условий штраф в размере 50% от стоимости перевозки.&nbsp;</strong><br><strong>Приложение № 1 считать продолжением данной заявки.</strong></p>', '', '<p>Оплата на р/с Б/НДС в течение 4-11 БД по оригиналам: договор-заявка, закрывающие (Счет, акт, УПД, С/Ф) и сопроводительные документы (ТТН, ТрН и др.)</p>', 100000, 'С НДС', '<p>Оплата на р/с с НДС.<br>По факту выгрузки ТС и оригиналам<br>документов 1-3 банковских дней.</p>', 150000, 0, 'С НДС', '<p><strong>Обязательные условия</strong></p>', '1', 'В работе', 'Выгрузился', 2, 'Ожидается счет', 'Ожидается счет', 'Ожидается счет', 'Ожидается счет', 1019, '', 1, 0, 0, 0, 30875, 24236.9, 6638.12, '8 (777) 777-77-77, код в АТИ 123, Имя: Олег', '8 (777) 777-77-77', 0, 0, 0, NULL, 55, 0, '', '', '', '', 0, 0, NULL, NULL, '2025-08-10', 0, NULL, NULL, NULL, 0, 0, NULL, NULL, 0, 0, 0, NULL, NULL),
(20, '2025-08-09 11:54:30', 1, '', 2, 1, '', '', 1, 1, 1, 'ГАЗ', 'Р 521 ЛА / 22', '', '5 тонник ≈ 30 кубов', '', '', 'ГАЗ', 'Р 521 ЛА / 22', '', '5 тонник ≈ 30 кубов', '<p>Оборудования и запчасти 5 европалет&nbsp;</p>', '5', '1.5 тонн', 'нет', '<p>Оборудования и запчасти 5 европалет&nbsp;</p>', '5', '1.5 тонн', 'нет', '<p><strong>Особые условия прописаны в следующем листе. За несоблюдение особых условий штраф в размере 50% от стоимости перевозки.&nbsp;</strong><br><strong>Приложение № 1 считать продолжением данной заявки.</strong></p>', '', '<p>Оплата на р/с Б/НДС в течение 4-11 БД по оригиналам: договор-заявка, закрывающие (Счет, акт, УПД, С/Ф) и сопроводительные документы (ТТН, ТрН и др.)</p>', 100000, 'С НДС', '<p>Оплата на р/с с НДС.<br>По факту выгрузки ТС и оригиналам<br>документов 1-3 банковских дней.</p>', 150000, 0, 'С НДС', '<p><strong>Обязательные условия</strong></p>', '1', 'В работе', 'Е.Н.П', 1, 'Ожидается счет', 'Ожидается счет', 'Ожидается счет', 'Ожидается счет', 1020, '', 1, 0, 0, 0, 30875, 24236.9, 6638.12, '8 (777) 777-77-77, код в АТИ 123, Имя: Олег', '8 (777) 777-77-77', 0, 0, 0, NULL, 56, 0, '', '', '', '', 0, 0, NULL, NULL, NULL, 0, NULL, NULL, NULL, 0, 0, NULL, NULL, 0, 0, 0, NULL, NULL),
(21, '2025-08-09 11:54:30', 1, '', 2, 1, '', '', 1, 1, 1, 'ГАЗ', 'Р 521 ЛА / 22', '', '5 тонник ≈ 30 кубов', '', '', 'ГАЗ', 'Р 521 ЛА / 22', '', '5 тонник ≈ 30 кубов', '<p>Оборудования и запчасти 5 европалет&nbsp;</p>', '5', '1.5 тонн', 'нет', '<p>Оборудования и запчасти 5 европалет&nbsp;</p>', '5', '1.5 тонн', 'нет', '<p><strong>Особые условия прописаны в следующем листе. За несоблюдение особых условий штраф в размере 50% от стоимости перевозки.&nbsp;</strong><br><strong>Приложение № 1 считать продолжением данной заявки.</strong></p>', '', '<p>Оплата на р/с Б/НДС в течение 4-11 БД по оригиналам: договор-заявка, закрывающие (Счет, акт, УПД, С/Ф) и сопроводительные документы (ТТН, ТрН и др.)</p>', 100000, 'С НДС', '<p>Оплата на р/с с НДС.<br>По факту выгрузки ТС и оригиналам<br>документов 1-3 банковских дней.</p>', 150000, 0, 'С НДС', '<p><strong>Обязательные условия</strong></p>', '1', 'В работе', 'Е.Н.П', 1, 'Ожидается счет', 'Ожидается счет', 'Ожидается счет', 'Ожидается счет', 1021, '', 1, 0, 0, 0, 30875, 24236.9, 6638.12, '8 (777) 777-77-77, код в АТИ 123, Имя: Олег', '8 (777) 777-77-77', 0, 0, 0, NULL, 59, 0, '', '', '', '', 0, 0, NULL, NULL, NULL, 0, NULL, NULL, NULL, 0, 0, NULL, NULL, 0, 0, 0, NULL, NULL),
(22, '2025-08-10 11:54:30', 1, '', 2, 1, '', '', 1, 1, 1, 'ГАЗ', 'Р 521 ЛА / 22', '', '5 тонник ≈ 30 кубов', '', '', 'ГАЗ', 'Р 521 ЛА / 22', '', '5 тонник ≈ 30 кубов', '<p>Оборудования и запчасти 5 европалет&nbsp;</p>', '5', '1.5 тонн', 'нет', '<p>Оборудования и запчасти 5 европалет&nbsp;</p>', '5', '1.5 тонн', 'нет', '<p><strong>Особые условия прописаны в следующем листе. За несоблюдение особых условий штраф в размере 50% от стоимости перевозки.&nbsp;</strong><br><strong>Приложение № 1 считать продолжением данной заявки.</strong></p>', '', '<p>Оплата на р/с Б/НДС в течение 4-11 БД по оригиналам: договор-заявка, закрывающие (Счет, акт, УПД, С/Ф) и сопроводительные документы (ТТН, ТрН и др.)</p>', 100000, 'С НДС', '<p>Оплата на р/с с НДС.<br>По факту выгрузки ТС и оригиналам<br>документов 1-3 банковских дней.</p>', 150000, 0, 'С НДС', '<p><strong>Обязательные условия</strong></p>', '1', 'В работе', 'Выгрузился', 2, 'Ожидается счет', 'Ожидается счет', 'Ожидается счет', 'Ожидается счет', 1022, '', 1, 0, 0, 0, 30875, 24236.9, 6638.12, '8 (777) 777-77-77, код в АТИ 123, Имя: Олег', '8 (777) 777-77-77', 0, 0, 0, NULL, 55, 0, '', '', '', '', 0, 0, NULL, NULL, '2025-08-01', 0, NULL, NULL, NULL, 0, 0, NULL, NULL, 0, 0, 0, NULL, NULL),
(23, '2025-08-10 11:54:30', 1, '', 2, 1, '', '', 1, 1, 1, 'ГАЗ', 'Р 521 ЛА / 22', '', '5 тонник ≈ 30 кубов', '', '', 'ГАЗ', 'Р 521 ЛА / 22', '', '5 тонник ≈ 30 кубов', '<p>Оборудования и запчасти 5 европалет&nbsp;</p>', '5', '1.5 тонн', 'нет', '<p>Оборудования и запчасти 5 европалет&nbsp;</p>', '5', '1.5 тонн', 'нет', '<p><strong>Особые условия прописаны в следующем листе. За несоблюдение особых условий штраф в размере 50% от стоимости перевозки.&nbsp;</strong><br><strong>Приложение № 1 считать продолжением данной заявки.</strong></p>', '', '<p>Оплата на р/с Б/НДС в течение 4-11 БД по оригиналам: договор-заявка, закрывающие (Счет, акт, УПД, С/Ф) и сопроводительные документы (ТТН, ТрН и др.)</p>', 100000, 'С НДС', '<p>Оплата на р/с с НДС.<br>По факту выгрузки ТС и оригиналам<br>документов 1-3 банковских дней.</p>', 150000, 0, 'С НДС', '<p><strong>Обязательные условия</strong></p>', '1', 'В работе', 'Е.Н.П', 1, 'Ожидается счет', 'Ожидается счет', 'Ожидается счет', 'Ожидается счет', 1023, '', 1, 0, 0, 0, 30875, 24236.9, 6638.12, '8 (777) 777-77-77, код в АТИ 123, Имя: Олег', '8 (777) 777-77-77', 0, 0, 0, NULL, 58, 0, '', '', '', '', 0, 0, NULL, NULL, NULL, 0, NULL, NULL, NULL, 0, 0, NULL, NULL, 0, 0, 0, NULL, NULL),
(24, '2025-08-10 11:54:30', 1, '', 2, 1, '', '', 1, 1, 1, 'ГАЗ', 'Р 521 ЛА / 22', '', '5 тонник ≈ 30 кубов', '', '', 'ГАЗ', 'Р 521 ЛА / 22', '', '5 тонник ≈ 30 кубов', '<p>Оборудования и запчасти 5 европалет&nbsp;</p>', '5', '1.5 тонн', 'нет', '<p>Оборудования и запчасти 5 европалет&nbsp;</p>', '5', '1.5 тонн', 'нет', '<p><strong>Особые условия прописаны в следующем листе. За несоблюдение особых условий штраф в размере 50% от стоимости перевозки.&nbsp;</strong><br><strong>Приложение № 1 считать продолжением данной заявки.</strong></p>', '', '<p>Оплата на р/с Б/НДС в течение 4-11 БД по оригиналам: договор-заявка, закрывающие (Счет, акт, УПД, С/Ф) и сопроводительные документы (ТТН, ТрН и др.)</p>', 100000, 'С НДС', '<p>Оплата на р/с с НДС.<br>По факту выгрузки ТС и оригиналам<br>документов 1-3 банковских дней.</p>', 150000, 0, 'С НДС', '<p><strong>Обязательные условия</strong></p>', '1', 'В работе', 'Е.Н.П', 1, 'Ожидается счет', 'Ожидается счет', 'Ожидается счет', 'Ожидается счет', 1024, '', 1, 0, 0, 0, 30875, 24236.9, 6638.12, '8 (777) 777-77-77, код в АТИ 123, Имя: Олег', '8 (777) 777-77-77', 0, 0, 0, NULL, 57, 0, '', '', '', '', 0, 0, NULL, NULL, NULL, 0, NULL, NULL, NULL, 0, 0, NULL, NULL, 0, 0, 0, NULL, NULL),
(25, '2025-08-10 11:54:30', 1, '', 2, 1, '', '', 1, 1, 1, 'ГАЗ', 'Р 521 ЛА / 22', '', '5 тонник ≈ 30 кубов', '', '', 'ГАЗ', 'Р 521 ЛА / 22', '', '5 тонник ≈ 30 кубов', '<p>Оборудования и запчасти 5 европалет&nbsp;</p>', '5', '1.5 тонн', 'нет', '<p>Оборудования и запчасти 5 европалет&nbsp;</p>', '5', '1.5 тонн', 'нет', '<p><strong>Особые условия прописаны в следующем листе. За несоблюдение особых условий штраф в размере 50% от стоимости перевозки.&nbsp;</strong><br><strong>Приложение № 1 считать продолжением данной заявки.</strong></p>', '', '<p>Оплата на р/с Б/НДС в течение 4-11 БД по оригиналам: договор-заявка, закрывающие (Счет, акт, УПД, С/Ф) и сопроводительные документы (ТТН, ТрН и др.)</p>', 100000, 'С НДС', '<p>Оплата на р/с с НДС.<br>По факту выгрузки ТС и оригиналам<br>документов 1-3 банковских дней.</p>', 150000, 0, 'С НДС', '<p><strong>Обязательные условия</strong></p>', '1', 'В работе', 'Е.Н.П', 1, 'Ожидается счет', 'Ожидается счет', 'Ожидается счет', 'Ожидается счет', 1025, '', 1, 0, 0, 0, 30875, 24236.9, 6638.12, '8 (777) 777-77-77, код в АТИ 123, Имя: Олег', '8 (777) 777-77-77', 0, 0, 0, NULL, 57, 0, '', '', '', '', 0, 0, NULL, NULL, NULL, 0, NULL, NULL, NULL, 0, 0, NULL, NULL, 0, 0, 0, NULL, NULL),
(26, '2025-08-10 11:54:30', 1, '', 2, 1, '', '', 1, 1, 1, 'ГАЗ', 'Р 521 ЛА / 22', '', '5 тонник ≈ 30 кубов', '', '', 'ГАЗ', 'Р 521 ЛА / 22', '', '5 тонник ≈ 30 кубов', '<p>Оборудования и запчасти 5 европалет&nbsp;</p>', '5', '1.5 тонн', 'нет', '<p>Оборудования и запчасти 5 европалет&nbsp;</p>', '5', '1.5 тонн', 'нет', '<p><strong>Особые условия прописаны в следующем листе. За несоблюдение особых условий штраф в размере 50% от стоимости перевозки.&nbsp;</strong><br><strong>Приложение № 1 считать продолжением данной заявки.</strong></p>', '', '<p>Оплата на р/с Б/НДС в течение 4-11 БД по оригиналам: договор-заявка, закрывающие (Счет, акт, УПД, С/Ф) и сопроводительные документы (ТТН, ТрН и др.)</p>', 100000, 'С НДС', '<p>Оплата на р/с с НДС.<br>По факту выгрузки ТС и оригиналам<br>документов 1-3 банковских дней.</p>', 150000, 0, 'С НДС', '<p><strong>Обязательные условия</strong></p>', '1', 'В работе', 'Е.Н.П', 1, 'Ожидается счет', 'Ожидается счет', 'Ожидается счет', 'Ожидается счет', 1026, '', 1, 0, 0, 0, 30875, 24236.9, 6638.12, '8 (777) 777-77-77, код в АТИ 123, Имя: Олег', '8 (777) 777-77-77', 0, 0, 0, NULL, 56, 0, '', '', '', '', 0, 0, NULL, NULL, NULL, 0, NULL, NULL, NULL, 0, 0, NULL, NULL, 0, 0, 0, NULL, NULL),
(27, '2025-08-10 11:54:30', 1, '', 2, 1, '', '', 1, 1, 1, 'ГАЗ', 'Р 521 ЛА / 22', '', '5 тонник ≈ 30 кубов', '', '', 'ГАЗ', 'Р 521 ЛА / 22', '', '5 тонник ≈ 30 кубов', '<p>Оборудования и запчасти 5 европалет&nbsp;</p>', '5', '1.5 тонн', 'нет', '<p>Оборудования и запчасти 5 европалет&nbsp;</p>', '5', '1.5 тонн', 'нет', '<p><strong>Особые условия прописаны в следующем листе. За несоблюдение особых условий штраф в размере 50% от стоимости перевозки.&nbsp;</strong><br><strong>Приложение № 1 считать продолжением данной заявки.</strong></p>', '', '<p>Оплата на р/с Б/НДС в течение 4-11 БД по оригиналам: договор-заявка, закрывающие (Счет, акт, УПД, С/Ф) и сопроводительные документы (ТТН, ТрН и др.)</p>', 100000, 'С НДС', '<p>Оплата на р/с с НДС.<br>По факту выгрузки ТС и оригиналам<br>документов 1-3 банковских дней.</p>', 150000, 0, 'С НДС', '<p><strong>Обязательные условия</strong></p>', '1', 'В работе', 'Выгрузился', 2, 'Ожидается счет', 'Ожидается счет', 'Ожидается счет', 'Ожидается счет', 1027, '', 1, 0, 0, 0, 30875, 24236.9, 6638.12, '8 (777) 777-77-77, код в АТИ 123, Имя: Олег', '8 (777) 777-77-77', 0, 0, 0, NULL, 55, 0, '', '', '', '', 0, 0, NULL, NULL, '2025-08-05', 0, NULL, NULL, NULL, 0, 0, NULL, NULL, 0, 0, 0, NULL, NULL),
(28, '2025-08-10 11:54:30', 1, '', 2, 1, '', '', 1, 1, 1, 'ГАЗ', 'Р 521 ЛА / 22', '', '5 тонник ≈ 30 кубов', '', '', 'ГАЗ', 'Р 521 ЛА / 22', '', '5 тонник ≈ 30 кубов', '<p>Оборудования и запчасти 5 европалет&nbsp;</p>', '5', '1.5 тонн', 'нет', '<p>Оборудования и запчасти 5 европалет&nbsp;</p>', '5', '1.5 тонн', 'нет', '<p><strong>Особые условия прописаны в следующем листе. За несоблюдение особых условий штраф в размере 50% от стоимости перевозки.&nbsp;</strong><br><strong>Приложение № 1 считать продолжением данной заявки.</strong></p>', '', '<p>Оплата на р/с Б/НДС в течение 4-11 БД по оригиналам: договор-заявка, закрывающие (Счет, акт, УПД, С/Ф) и сопроводительные документы (ТТН, ТрН и др.)</p>', 100000, 'С НДС', '<p>Оплата на р/с с НДС.<br>По факту выгрузки ТС и оригиналам<br>документов 1-3 банковских дней.</p>', 150000, 0, 'С НДС', '<p><strong>Обязательные условия</strong></p>', '1', 'В работе', 'Е.Н.П', 1, 'Ожидается счет', 'Ожидается счет', 'Ожидается счет', 'Ожидается счет', 1028, '', 1, 0, 0, 0, 30875, 24236.9, 6638.12, '8 (777) 777-77-77, код в АТИ 123, Имя: Олег', '8 (777) 777-77-77', 0, 0, 0, NULL, 56, 0, '', '', '', '', 0, 0, NULL, NULL, NULL, 0, NULL, NULL, NULL, 0, 0, NULL, NULL, 0, 0, 0, NULL, NULL),
(29, '2025-08-10 11:54:30', 1, '', 2, 1, '', '', 1, 1, 1, 'ГАЗ', 'Р 521 ЛА / 22', '', '5 тонник ≈ 30 кубов', '', '', 'ГАЗ', 'Р 521 ЛА / 22', '', '5 тонник ≈ 30 кубов', '<p>Оборудования и запчасти 5 европалет&nbsp;</p>', '5', '1.5 тонн', 'нет', '<p>Оборудования и запчасти 5 европалет&nbsp;</p>', '5', '1.5 тонн', 'нет', '<p><strong>Особые условия прописаны в следующем листе. За несоблюдение особых условий штраф в размере 50% от стоимости перевозки.&nbsp;</strong><br><strong>Приложение № 1 считать продолжением данной заявки.</strong></p>', '', '<p>Оплата на р/с Б/НДС в течение 4-11 БД по оригиналам: договор-заявка, закрывающие (Счет, акт, УПД, С/Ф) и сопроводительные документы (ТТН, ТрН и др.)</p>', 100000, 'С НДС', '<p>Оплата на р/с с НДС.<br>По факту выгрузки ТС и оригиналам<br>документов 1-3 банковских дней.</p>', 150000, 0, 'С НДС', '<p><strong>Обязательные условия</strong></p>', '1', 'В работе', 'Выгрузился', 2, 'Ожидается счет', 'Ожидается счет', 'Ожидается счет', 'Ожидается счет', 1029, '', 1, 0, 0, 0, 30875, 24236.9, 6638.12, '8 (777) 777-77-77, код в АТИ 123, Имя: Олег', '8 (777) 777-77-77', 0, 0, 0, NULL, 57, 0, '', '', '', '', 0, 0, NULL, NULL, '2025-10-23', 0, NULL, NULL, NULL, 0, 0, NULL, NULL, 0, 0, 0, NULL, NULL),
(30, '2025-08-10 11:54:30', 1, '', 2, 1, '', '', 1, 1, 1, 'ГАЗ', 'Р 521 ЛА / 22', '', '5 тонник ≈ 30 кубов', '', '', 'ГАЗ', 'Р 521 ЛА / 22', '', '5 тонник ≈ 30 кубов', '<p>Оборудования и запчасти 5 европалет&nbsp;</p>', '5', '1.5 тонн', 'нет', '<p>Оборудования и запчасти 5 европалет&nbsp;</p>', '5', '1.5 тонн', 'нет', '<p><strong>Особые условия прописаны в следующем листе. За несоблюдение особых условий штраф в размере 50% от стоимости перевозки.&nbsp;</strong><br><strong>Приложение № 1 считать продолжением данной заявки.</strong></p>', '', '<p>Оплата на р/с Б/НДС в течение 4-11 БД по оригиналам: договор-заявка, закрывающие (Счет, акт, УПД, С/Ф) и сопроводительные документы (ТТН, ТрН и др.)</p>', 100000, 'С НДС', '<p>Оплата на р/с с НДС.<br>По факту выгрузки ТС и оригиналам<br>документов 1-3 банковских дней.</p>', 150000, 0, 'С НДС', '<p><strong>Обязательные условия</strong></p>', '1', 'В работе', 'Е.Н.П', 1, 'Ожидается счет', 'Ожидается счет', 'Ожидается счет', 'Ожидается счет', 1030, '', 1, 0, 0, 0, 30875, 24236.9, 6638.12, '8 (777) 777-77-77, код в АТИ 123, Имя: Олег', '8 (777) 777-77-77', 0, 0, 0, NULL, 59, 0, '', '', '', '', 0, 0, NULL, NULL, NULL, 0, NULL, NULL, NULL, 0, 0, NULL, NULL, 0, 0, 0, NULL, NULL),
(31, '2025-08-10 11:54:30', 1, '', 2, 1, '', '', 1, 1, 1, 'ГАЗ', 'Р 521 ЛА / 22', '', '5 тонник ≈ 30 кубов', '', '', 'ГАЗ', 'Р 521 ЛА / 22', '', '5 тонник ≈ 30 кубов', '<p>Оборудования и запчасти 5 европалет&nbsp;</p>', '5', '1.5 тонн', 'нет', '<p>Оборудования и запчасти 5 европалет&nbsp;</p>', '5', '1.5 тонн', 'нет', '<p><strong>Особые условия прописаны в следующем листе. За несоблюдение особых условий штраф в размере 50% от стоимости перевозки.&nbsp;</strong><br><strong>Приложение № 1 считать продолжением данной заявки.</strong></p>', '', '<p>Оплата на р/с Б/НДС в течение 4-11 БД по оригиналам: договор-заявка, закрывающие (Счет, акт, УПД, С/Ф) и сопроводительные документы (ТТН, ТрН и др.)</p>', 100000, 'С НДС', '<p>Оплата на р/с с НДС.<br>По факту выгрузки ТС и оригиналам<br>документов 1-3 банковских дней.</p>', 150000, 0, 'С НДС', '<p><strong>Обязательные условия</strong></p>', '1', 'В работе', 'Е.Н.П', 1, 'Ожидается счет', 'Ожидается счет', 'Ожидается счет', 'Ожидается счет', 1031, '', 1, 0, 0, 0, 30875, 24236.9, 6638.12, '8 (777) 777-77-77, код в АТИ 123, Имя: Олег', '8 (777) 777-77-77', 0, 0, 0, NULL, 56, 0, '', '', '', '', 0, 0, NULL, NULL, NULL, 0, NULL, NULL, NULL, 0, 0, NULL, NULL, 0, 0, 0, NULL, NULL),
(32, '2025-08-10 11:54:30', 1, '', 2, 1, '', '', 6, 1, 1, 'ГАЗ', 'Р 521 ЛА / 22', '', '5 тонник ≈ 30 кубов', '', '', 'ГАЗ', 'Р 521 ЛА / 22', '', '5 тонник ≈ 30 кубов', '<p>Оборудования и запчасти 5 европалет&nbsp;</p>', '5', '1.5 тонн', 'нет', '<p>Оборудования и запчасти 5 европалет&nbsp;</p>', '5', '1.5 тонн', 'нет', '<p><strong>Особые условия прописаны в следующем листе. За несоблюдение особых условий штраф в размере 50% от стоимости перевозки.&nbsp;</strong><br><strong>Приложение № 1 считать продолжением данной заявки.</strong></p>', '', '<p>Оплата на р/с Б/НДС в течение 4-11 БД по оригиналам: договор-заявка, закрывающие (Счет, акт, УПД, С/Ф) и сопроводительные документы (ТТН, ТрН и др.)</p>', 100000, 'С НДС', '<p>Оплата на р/с с НДС.<br>По факту выгрузки ТС и оригиналам<br>документов 1-3 банковских дней.</p>', 115000, 0, 'С НДС', '<p><strong>Обязательные условия</strong></p>', '1', 'В работе', 'Выгрузился', 3, 'Оплачено полностью', 'Ожидается счет', 'Ожидается счет', 'Ожидается счет', 1032, '', 1, 0, 0, 0, 9000, 7065, 1935, '8 (777) 777-77-77, код в АТИ 123, Имя: Олег', '8 (777) 777-77-77', 0, 0, 0, NULL, 55, 0, '', '', '', '', 150000, 0, '2025-08-10', '2025-08-10', '2025-08-10', 0, NULL, '2025-08-10', NULL, 0, 0, NULL, NULL, 0, 0, 0, NULL, NULL),
(33, '2025-10-23 13:29:03', 1, '', 10, 1, '', '', 6, 1, 1, 'ГАЗ', 'Р 521 ЛА / 22', '', '5 тонник ≈ 30 кубов', '', '', 'ГАЗ', 'Р 521 ЛА / 22', '', '5 тонник ≈ 30 кубов', '<p>Характер груза</p>', '1', '2 тонн', 'нет', '<p>Характер груза</p>', '1', '2 тонн', 'нет', '<p><strong>Особые условия прописаны в следующем листе. За несоблюдение особых условий штраф в размере 50% от стоимости перевозки.&nbsp;</strong><br><strong>Приложение № 1 считать продолжением данной заявки.</strong></p>', '', '<p>Оплата на р/с Б/НДС.<br>По факту выгрузки ТС и оригиналам документов 1-7<br>банковских дней.</p>', 100000, 'Б/НДС', '<p>Оплата на р/с с НДС.<br>По факту выгрузки ТС и оригиналам<br>документов 1-3 банковских дней.</p>', 140000, 0, 'С НДС', '', '1', 'В работе', 'Выгрузился', 3, 'Оплачено полностью', 'Ожидается счет', 'Ожидается счет', 'Ожидается счет', 1002, '', 0, 0, 0, 0, 9025, 7860.77, 1164.22, '8 (922) 570-02-46, код в АТИ 2222, Имя: Никита', '8 (777) 777-77-77', 0, 0, 0, NULL, 57, 0, '', '', '', '', 140000, 0, '2025-10-23', NULL, '2025-10-23', 0, NULL, '2025-10-23', NULL, 0, 0, NULL, NULL, 0, 1, 1164.22, NULL, NULL),
(34, '2025-11-26 19:06:37', 1, '', 10, 1, '', '', 6, 1, 1, 'ГАЗ', 'Р 521 ЛА / 22', '', '5 тонник ≈ 30 кубов', '', '', 'ГАЗ', 'Р 521 ЛА / 22', '', '5 тонник ≈ 30 кубов', '<p>Характер груза</p>', '1', '2 тонн', 'нет', '<p>Характер груза</p>', '1', '2 тонн', 'нет', '<p><strong>Особые условия прописаны в следующем листе. За несоблюдение особых условий штраф в размере 50% от стоимости перевозки.&nbsp;</strong><br><strong>Приложение № 1 считать продолжением данной заявки.</strong></p>', '', '<p>Оплата на р/с Б/НДС.<br>По факту выгрузки ТС и оригиналам документов 1-7<br>банковских дней.</p>', 100000, 'Б/НДС', '<p>Оплата на р/с с НДС.<br>По факту выгрузки ТС и оригиналам<br>документов 1-3 банковских дней.</p>', 140000, 0, 'С НДС', '', '1', 'В работе', 'Е.Н.П', 1, 'Оплачено полностью', 'Ожидается счет', 'Ожидается счет', 'Ожидается счет', 1003, '', 0, 0, 0, 0, 15358.3, 13377.1, 1981.22, '8 (922) 570-02-46, код в АТИ 2222, Имя: Никита', '8 (777) 777-77-77', 0, 0, 0, NULL, 57, 0, '', '', '', '', 0, 0, NULL, NULL, NULL, 0, NULL, NULL, NULL, 0, 0, NULL, NULL, 0, 1, 1164.22, NULL, NULL),
(35, '2025-11-26 19:06:37', 1, '', 10, 1, '', '', 6, 1, 1, 'ГАЗ', 'Р 521 ЛА / 22', '', '5 тонник ≈ 30 кубов', '', '', 'ГАЗ', 'Р 521 ЛА / 22', '', '5 тонник ≈ 30 кубов', '<p>Характер груза</p>', '1', '2 тонн', 'нет', '<p>Характер груза</p>', '1', '2 тонн', 'нет', '<p><strong>Особые условия прописаны в следующем листе. За несоблюдение особых условий штраф в размере 50% от стоимости перевозки.&nbsp;</strong><br><strong>Приложение № 1 считать продолжением данной заявки.</strong></p>', '', '<p>Оплата на р/с Б/НДС.<br>По факту выгрузки ТС и оригиналам документов 1-7<br>банковских дней.</p>', 100000, 'Б/НДС', '<p>Оплата на р/с с НДС.<br>По факту выгрузки ТС и оригиналам<br>документов 1-3 банковских дней.</p>', 140000, 0, 'С НДС', '', '1', 'В работе', 'Выгрузился', 2, 'Оплачено полностью', 'Ожидается счет', 'Ожидается счет', 'Ожидается счет', 1004, '', 0, 0, 0, 0, 15358.3, 13377.1, 1981.22, '8 (922) 570-02-46, код в АТИ 2222, Имя: Никита', '8 (777) 777-77-77', 0, 0, 0, NULL, 57, 0, '', '', '', '', 140000, 0, NULL, NULL, '2025-11-26', 0, NULL, '2025-11-26', NULL, 0, 0, NULL, NULL, 0, 1, 1981.22, NULL, NULL),
(36, '2025-11-26 19:11:12', 1, '', 10, 1, '', '', 6, 1, 1, 'ГАЗ', 'Р 521 ЛА / 22', '', '5 тонник ≈ 30 кубов', '', '', 'ГАЗ', 'Р 521 ЛА / 22', '', '5 тонник ≈ 30 кубов', '<p>Характер груза</p>', '1', '2 тонн', 'нет', '<p>Характер груза</p>', '1', '2 тонн', 'нет', '<p><strong>Особые условия прописаны в следующем листе. За несоблюдение особых условий штраф в размере 50% от стоимости перевозки.&nbsp;</strong><br><strong>Приложение № 1 считать продолжением данной заявки.</strong></p>', '', '<p>Оплата на р/с Б/НДС.<br>По факту выгрузки ТС и оригиналам документов 1-7<br>банковских дней.</p>', 100000, 'Б/НДС', '<p>Оплата на р/с с НДС.<br>По факту выгрузки ТС и оригиналам<br>документов 1-3 банковских дней.</p>', 140000, 0, 'С НДС', '', '1', 'В работе', 'Е.Н.П', 1, 'Оплачено полностью', 'Ожидается счет', 'Ожидается счет', 'Ожидается счет', 1005, '', 0, 0, 0, 0, 15358.3, 13377.1, 1981.22, '8 (922) 570-02-46, код в АТИ 2222, Имя: Никита', '8 (777) 777-77-77', 0, 0, 0, NULL, 57, 0, '', '', '', '', 0, 0, NULL, NULL, NULL, 0, NULL, NULL, NULL, 0, 0, NULL, NULL, 0, 1, 1981.22, NULL, NULL),
(37, '2025-11-26 19:11:12', 1, '', 10, 1, '', '', 6, 1, 1, 'ГАЗ', 'Р 521 ЛА / 22', '', '5 тонник ≈ 30 кубов', '', '', 'ГАЗ', 'Р 521 ЛА / 22', '', '5 тонник ≈ 30 кубов', '<p>Характер груза</p>', '1', '2 тонн', 'нет', '<p>Характер груза</p>', '1', '2 тонн', 'нет', '<p><strong>Особые условия прописаны в следующем листе. За несоблюдение особых условий штраф в размере 50% от стоимости перевозки.&nbsp;</strong><br><strong>Приложение № 1 считать продолжением данной заявки.</strong></p>', '', '<p>Оплата на р/с Б/НДС.<br>По факту выгрузки ТС и оригиналам документов 1-7<br>банковских дней.</p>', 100000, 'Б/НДС', '<p>Оплата на р/с с НДС.<br>По факту выгрузки ТС и оригиналам<br>документов 1-3 банковских дней.</p>', 140000, 0, 'С НДС', '', '1', 'В работе', 'Выгрузился', 3, 'Оплачено полностью', 'Ожидается счет', 'Ожидается счет', 'Ожидается счет', 1006, '', 0, 0, 0, 0, 15358.3, 13377.1, 1981.22, '8 (922) 570-02-46, код в АТИ 2222, Имя: Никита', '8 (777) 777-77-77', 0, 0, 0, NULL, 57, 0, '', '', '', '', 140000, 0, '2025-11-26', NULL, '2025-11-26', 0, NULL, '2025-11-26', NULL, 0, 0, NULL, NULL, 0, 1, 1981.22, NULL, NULL);

-- --------------------------------------------------------

--
-- Структура таблицы `application_document_comment`
--

CREATE TABLE `application_document_comment` (
  `id` int NOT NULL,
  `name` varchar(255) NOT NULL,
  `comment` text NOT NULL,
  `id_application` int NOT NULL,
  `id_user` int NOT NULL,
  `side` tinyint NOT NULL COMMENT '0 - файлы перевозчика\r\n1 - файлы клиента',
  `num_document` varchar(120) NOT NULL,
  `datetime` datetime NOT NULL
) ENGINE=InnoDB DEFAULT CHARSET=utf8mb4 COLLATE=utf8mb4_0900_ai_ci;

-- --------------------------------------------------------

--
-- Структура таблицы `application_document_comment_history`
--

CREATE TABLE `application_document_comment_history` (
  `id` int NOT NULL,
  `name` varchar(255) NOT NULL,
  `comment` text NOT NULL,
  `id_application` int NOT NULL,
  `id_user` int NOT NULL,
  `side` tinyint NOT NULL COMMENT '0 - файлы перевозчика\r\n1 - файлы клиента',
  `num_document` int NOT NULL,
  `datetime` datetime NOT NULL
) ENGINE=InnoDB DEFAULT CHARSET=utf8mb4 COLLATE=utf8mb4_0900_ai_ci;

-- --------------------------------------------------------

--
-- Структура таблицы `cancelled_applications`
--

CREATE TABLE `cancelled_applications` (
  `id` int NOT NULL,
  `id_application` int NOT NULL,
  `id_user` int NOT NULL,
  `cause` varchar(255) NOT NULL,
  `comment` text NOT NULL,
  `files` text
) ENGINE=InnoDB DEFAULT CHARSET=utf8mb4 COLLATE=utf8mb4_0900_ai_ci;

-- --------------------------------------------------------

--
-- Структура таблицы `carriers`
--

CREATE TABLE `carriers` (
  `id` int NOT NULL,
  `name` varchar(255) CHARACTER SET utf8mb4 COLLATE utf8mb4_0900_ai_ci NOT NULL,
  `inn` varchar(255) NOT NULL,
  `legal_address` varchar(255) CHARACTER SET utf8mb4 COLLATE utf8mb4_0900_ai_ci NOT NULL,
  `info` text NOT NULL,
  `users_access` varchar(500) NOT NULL,
  `visible` int NOT NULL DEFAULT '1' COMMENT '0-Скрыт 1-Видно По дефолту - 1'
) ENGINE=InnoDB DEFAULT CHARSET=utf8mb4 COLLATE=utf8mb4_0900_ai_ci;

--
-- Дамп данных таблицы `carriers`
--

INSERT INTO `carriers` (`id`, `name`, `inn`, `legal_address`, `info`, `users_access`, `visible`) VALUES
(1, 'Перевозчки', '12345678901', 'Юридический адрес ', '8 (777) 777-77-77, код в АТИ 123, Имя: Дмитрий', '', 0),
(2, 'Перевозчк 1', '72345578931', 'Юридический адрес ', '8 (777) 777-77-77, код в АТИ 123, Имя: Олег', '', 0),
(3, 'Перевозчк 2', '45678932151', 'Юридический адрес ', '8 (777) 777-77-77, код в АТИ 123, Имя: Александр', '', 0),
(4, 'Перевозчк 3', '78996321450', 'Юридический адрес ', '8 (777) 777-77-77, код в АТИ 123, Имя: Вячеслав', '', 0),
(5, 'Перевозчк 4', '75315998712', 'Юридический адрес ', '8 (777) 777-77-77, код в АТИ 123, Имя: Дмитрий', '', 0),
(6, 'Перевозчк 5', '32659523102', 'Юридический адрес ', '8 (777) 777-77-77, код в АТИ 123, Имя: Сергей', '', 0),
(7, 'Перевозчк 6', '84512639877', 'Юридический адрес ', '8 (777) 777-77-77, код в АТИ 123, Имя: Виталий', '', 0),
(8, 'Перевозчк 7', '74136985216', 'Юридический адрес ', '8 (777) 777-77-77, код в АТИ 123, Имя: Дмитрий', '', 0),
(9, 'Тестовый перевозчик', '123234657362', 'плыфдплдфыплдф', '8 (666) 666-66-66, код в АТИ 66666, Имя: ОЛ', '', 0),
(10, 'Тест', '1234567', 'Юридический адрес', '8 (922) 570-02-46, код в АТИ 2222, Имя: Никита', '', 0);

-- --------------------------------------------------------

--
-- Структура таблицы `car_brands`
--

CREATE TABLE `car_brands` (
  `id` int NOT NULL,
  `name` varchar(255) NOT NULL
) ENGINE=InnoDB DEFAULT CHARSET=utf8mb4 COLLATE=utf8mb4_0900_ai_ci;

-- --------------------------------------------------------

--
-- Структура таблицы `changes`
--

CREATE TABLE `changes` (
  `id` int NOT NULL,
  `changes` text CHARACTER SET utf8mb4 COLLATE utf8mb4_0900_ai_ci,
  `application_id` int NOT NULL DEFAULT '0',
  `user_id` int NOT NULL,
  `datetime` datetime DEFAULT NULL
) ENGINE=InnoDB DEFAULT CHARSET=utf8mb4 COLLATE=utf8mb4_0900_ai_ci;

--
-- Дамп данных таблицы `changes`
--

INSERT INTO `changes` (`id`, `changes`, `application_id`, `user_id`, `datetime`) VALUES
(1, '[{\"key\":\"application_date_actual_unloading\",\"oldValue\":null,\"newValue\":\"2025-08-10\"}]', 32, 55, '2025-08-10 12:20:31'),
(2, '[{\"key\":\"application_date_actual_unloading\",\"oldValue\":null,\"newValue\":\"2025-08-05\"}]', 27, 55, '2025-08-10 12:20:38'),
(3, '[{\"key\":\"application_date_actual_unloading\",\"oldValue\":null,\"newValue\":\"2025-08-01\"}]', 22, 55, '2025-08-10 12:20:45'),
(4, '[{\"key\":\"application_date_actual_unloading\",\"oldValue\":null,\"newValue\":\"2025-08-07\"}]', 8, 55, '2025-08-10 12:20:53'),
(5, '[{\"key\":\"application_date_actual_unloading\",\"oldValue\":null,\"newValue\":null}]', 9, 55, '2025-08-10 12:20:55'),
(6, '[{\"key\":\"application_date_actual_unloading\",\"oldValue\":null,\"newValue\":null}]', 11, 55, '2025-08-10 12:20:57'),
(7, '[{\"key\":\"application_date_actual_unloading\",\"oldValue\":null,\"newValue\":null}]', 1, 55, '2025-08-10 12:20:58'),
(8, '[{\"key\":\"application_date_actual_unloading\",\"oldValue\":null,\"newValue\":\"2025-08-10\"}]', 19, 55, '2025-08-10 12:21:18'),
(9, '[{\"key\":\"application_date_actual_unloading\",\"oldValue\":null,\"newValue\":\"2025-08-04\"}]', 9, 55, '2025-08-10 12:21:25'),
(10, '[{\"key\":\"transportation_cost_Carrier\",\"oldValue\":100000,\"newValue\":95000},{\"key\":\"additional_expenses\",\"oldValue\":[{\"id\":4,\"type_expenses\":\"Страховка\",\"sum\":\"500\",\"type_payment\":\"Б/НДС\",\"comment\":\"\",\"type_for\":0,\"id_application\":8,\"is_paid\":0}],\"newValue\":[{\"id\":4,\"type_expenses\":\"Страховка\",\"sum\":\"500\",\"type_payment\":\"Б/НДС\",\"comment\":\"\",\"type_for\":0,\"id_application\":0,\"is_paid\":0},{\"id\":0,\"type_expenses\":\"Грузчики\",\"sum\":\"5000\",\"type_payment\":\"С НДС\",\"comment\":\"\",\"type_for\":0,\"id_application\":0,\"is_paid\":0}]}]', 8, 1, '2025-08-10 12:47:47'),
(11, '[{\"key\":\"transportation_cost_Carrier\",\"oldValue\":95000,\"newValue\":105000}]', 8, 1, '2025-08-10 12:48:06'),
(12, '[{\"key\":\"client_id_Client\",\"oldValue\":1,\"newValue\":6},{\"key\":\"transportation_cost_Client\",\"oldValue\":150000,\"newValue\":115000}]', 32, 1, '2025-08-10 12:48:34'),
(13, '[{\"key\":\"application_date_actual_unloading\",\"oldValue\":null,\"newValue\":\"2025-10-23\"}]', 29, 57, '2025-10-23 08:45:03'),
(14, '[{\"key\":\"file_upload\",\"files\":[{\"id\":1,\"name\":\"Данные на вод. (Гордеев).docx\",\"link\":\"http://localhost/storage/2025/10/docs/4fd99ab2736897e645eb9c127f4890f0123ecd71.docx\",\"date\":\"2025-10-23\",\"application_id\":29,\"document_id\":1,\"client_id\":0}]}]', 29, 57, '2025-10-23 08:59:21'),
(15, '[{\"key\":\"file_delete\",\"name\":\"Данные на вод. (Гордеев).docx\",\"document_id\":1,\"client_id\":0}]', 29, 57, '2025-10-23 08:59:28'),
(16, '[{\"key\":\"file_upload\",\"files\":[{\"id\":2,\"name\":\"4_ г.о. Екатеринбург-г Москва_23102025 (Иванов).pdf\",\"link\":\"http://localhost/storage/2025/10/docs/6ea563d196ea4a9456c58c291f706f526efa53c7.pdf\",\"date\":\"2025-10-23\",\"application_id\":33,\"document_id\":1,\"client_id\":0}]}]', 33, 57, '2025-10-23 13:36:35'),
(17, '[{\"key\":\"file_upload\",\"files\":[{\"id\":2,\"name\":\"4_ г.о. Екатеринбург-г Москва_23102025 (Иванов).pdf\",\"link\":\"http://localhost/storage/2025/10/docs/6ea563d196ea4a9456c58c291f706f526efa53c7.pdf\",\"date\":\"2025-10-23\",\"application_id\":33,\"document_id\":1,\"client_id\":0},{\"id\":3,\"name\":\"Подписанная заявка от клиента.pdf\",\"link\":\"http://localhost/storage/2025/10/docs/937965e1553885bfb7033d37b33601519fd145e4.pdf\",\"date\":\"2025-10-23\",\"application_id\":33,\"document_id\":1,\"client_id\":0}]}]', 33, 57, '2025-10-23 13:36:57'),
(18, '[{\"key\":\"file_delete\",\"name\":\"4_ г.о. Екатеринбург-г Москва_23102025 (Иванов).pdf\",\"document_id\":1,\"client_id\":0}]', 33, 57, '2025-10-23 13:37:36'),
(19, '[{\"key\":\"file_delete\",\"name\":\"Подписанная заявка от клиента.pdf\",\"document_id\":1,\"client_id\":0}]', 33, 57, '2025-10-23 13:37:36'),
(20, '[{\"key\":\"application_date_actual_unloading\",\"oldValue\":null,\"newValue\":null}]', 33, 57, '2025-10-23 13:47:09'),
(21, '[{\"key\":\"application_date_actual_unloading\",\"oldValue\":null,\"newValue\":\"2025-10-23\"}]', 33, 57, '2025-10-23 13:48:46'),
(22, '[{\"key\":\"file_upload\",\"files\":[{\"id\":4,\"name\":\"Подписанная заявка от перевозчика.pdf\",\"link\":\"http://localhost/storage/2025/10/docs/64389e1b6cb9a51090143a7e6aa8f09e6e004571.pdf\",\"date\":\"2025-10-23\",\"application_id\":33,\"document_id\":1,\"client_id\":0}]}]', 33, 57, '2025-10-23 13:49:13'),
(23, '[{\"key\":\"file_upload\",\"files\":[{\"id\":5,\"name\":\"Подписанная заявка от перевозчика.pdf\",\"link\":\"http://localhost/storage/2025/10/docs/58b9f4d37f03dfc7a70b54783ae5b48c832fd5d2.pdf\",\"date\":\"2025-10-23\",\"application_id\":33,\"document_id\":101,\"client_id\":0}]}]', 33, 57, '2025-10-23 13:49:47'),
(24, '[{\"key\":\"file_upload\",\"files\":[{\"id\":6,\"name\":\"Подписанная заявка от клиента.pdf\",\"link\":\"http://localhost/storage/2025/10/docs/891a96db819f49eaeaa586a5be70b477787f1805.pdf\",\"date\":\"2025-10-23\",\"application_id\":33,\"document_id\":10,\"client_id\":0}]}]', 33, 57, '2025-10-23 13:49:57'),
(25, '[{\"key\":\"file_upload\",\"files\":[{\"id\":7,\"name\":\"ФОТО ТТН с выгрузки.jpg\",\"link\":\"http://localhost/storage/2025/10/docs/141f865ec51cad2e12c54e7dccff1534768d7585.jpg\",\"date\":\"2025-10-23\",\"application_id\":33,\"document_id\":2,\"client_id\":0}]}]', 33, 57, '2025-10-23 13:50:08'),
(26, '[{\"key\":\"file_upload\",\"files\":[{\"id\":8,\"name\":\"Счет от перевозчика.pdf\",\"link\":\"http://localhost/storage/2025/10/docs/6d44df836505232ade9a6c81dab93d1224ea8abc.pdf\",\"date\":\"2025-10-23\",\"application_id\":33,\"document_id\":4,\"client_id\":0}]}]', 33, 57, '2025-10-23 13:50:52'),
(27, '[{\"key\":\"file_upload\",\"files\":[{\"id\":9,\"name\":\"УПД от перевозчика.pdf\",\"link\":\"http://localhost/storage/2025/10/docs/c28ffafb302dfb27959daa2dea460599a1ed3733.pdf\",\"date\":\"2025-10-23\",\"application_id\":33,\"document_id\":5,\"client_id\":0}]}]', 33, 57, '2025-10-23 13:51:02'),
(28, '[{\"key\":\"file_upload\",\"files\":[{\"id\":10,\"name\":\"Сканы ТТН.pdf\",\"link\":\"http://localhost/storage/2025/10/docs/0af880a8c8b7251569682d767c16bd0f415e1d1f.pdf\",\"date\":\"2025-10-23\",\"application_id\":33,\"document_id\":18,\"client_id\":0}]}]', 33, 57, '2025-10-23 13:51:16'),
(29, '[{\"key\":\"file_upload\",\"files\":[{\"id\":11,\"name\":\"Счет от перевозчика.pdf\",\"link\":\"http://localhost/storage/2025/10/docs/77d2d95c4315fe52176e8a2127b21de5bd5e6850.pdf\",\"date\":\"2025-10-23\",\"application_id\":33,\"document_id\":13,\"client_id\":0}]}]', 33, 1, '2025-10-23 14:01:12'),
(30, '[{\"key\":\"file_upload\",\"files\":[{\"id\":12,\"name\":\"Счет на оплату клиент.pdf\",\"link\":\"http://localhost/storage/2025/10/docs/24ebc0e2c788e58203c9ebb35015f82fe6fd8f06.pdf\",\"date\":\"2025-10-23\",\"application_id\":33,\"document_id\":14,\"client_id\":0}]}]', 33, 1, '2025-10-23 14:01:16'),
(31, '[{\"key\":\"application_date_actual_unloading\",\"oldValue\":null,\"newValue\":\"2025-11-26\"}]', 35, 1, '2025-11-26 19:06:51'),
(32, '[{\"key\":\"file_upload\",\"files\":[{\"id\":13,\"name\":\"Договор на оказание услуг фиксированной связи интернет ООО Библеон.pdf\",\"link\":\"http://localhost/storage/2025/11/docs/7125dc3dac132c2dbd7dff7531acdaa4670f4232.pdf\",\"date\":\"2025-11-26\",\"application_id\":35,\"document_id\":1,\"client_id\":0}]}]', 35, 1, '2025-11-26 19:07:05'),
(33, '[{\"key\":\"file_upload\",\"files\":[{\"id\":14,\"name\":\"Договор на оказание услуг фиксированной связи интернет ООО Библеон.pdf\",\"link\":\"http://localhost/storage/2025/11/docs/3cf7c08162bf7b6f8206bf5c500f54b98b1b5c75.pdf\",\"date\":\"2025-11-26\",\"application_id\":35,\"document_id\":2,\"client_id\":0}]}]', 35, 1, '2025-11-26 19:07:10'),
(34, '[{\"key\":\"file_upload\",\"files\":[{\"id\":15,\"name\":\"_деревня Андреевское-г Москва_19112025 (Пономаренко) №294 (27).pdf\",\"link\":\"http://localhost/storage/2025/11/docs/6a2bb7861e1f186172cde8adbd7743a650920cb1.pdf\",\"date\":\"2025-11-26\",\"application_id\":35,\"document_id\":10,\"client_id\":0}]}]', 35, 1, '2025-11-26 19:07:16'),
(35, '[{\"key\":\"file_upload\",\"files\":[{\"id\":16,\"name\":\"Договор на оказание услуг фиксированной связи интернет ООО Библеон.pdf\",\"link\":\"http://localhost/storage/2025/11/docs/149a5b8cb88c11e32910e5db63b3c06fd9a8282f.pdf\",\"date\":\"2025-11-26\",\"application_id\":35,\"document_id\":13,\"client_id\":0}]}]', 35, 1, '2025-11-26 19:07:33'),
(36, '[{\"key\":\"file_upload\",\"files\":[{\"id\":17,\"name\":\"Договор на оказание услуг фиксированной связи интернет ООО Библеон.pdf\",\"link\":\"http://localhost/storage/2025/11/docs/6ee36d98a08071b007f1f192eed688a8d903e135.pdf\",\"date\":\"2025-11-26\",\"application_id\":35,\"document_id\":14,\"client_id\":0}]}]', 35, 1, '2025-11-26 19:07:36'),
(37, '[{\"key\":\"application_date_actual_unloading\",\"oldValue\":null,\"newValue\":\"2025-11-26\"}]', 37, 1, '2025-11-26 19:11:41'),
(38, '[{\"key\":\"file_upload\",\"files\":[{\"id\":18,\"name\":\"_деревня Андреевское-г Москва_19112025 (Пономаренко) №294 (27).pdf\",\"link\":\"http://localhost/storage/2025/11/docs/cffaee7ef04aecd163a07aaee1e06d5c3daef88b.pdf\",\"date\":\"2025-11-26\",\"application_id\":37,\"document_id\":1,\"client_id\":0}]}]', 37, 1, '2025-11-26 19:13:56'),
(39, '[{\"key\":\"file_upload\",\"files\":[{\"id\":19,\"name\":\"_деревня Андреевское-г Москва_19112025 (Пономаренко) №294 (27).pdf\",\"link\":\"http://localhost/storage/2025/11/docs/379fb2c9e425b6623f108aa60876698eb88f924e.pdf\",\"date\":\"2025-11-26\",\"application_id\":37,\"document_id\":2,\"client_id\":0}]}]', 37, 1, '2025-11-26 19:14:00'),
(40, '[{\"key\":\"file_upload\",\"files\":[{\"id\":20,\"name\":\"_деревня Андреевское-г Москва_19112025 (Пономаренко) №294 (27).pdf\",\"link\":\"http://localhost/storage/2025/11/docs/d93b7539bb0ebea9e6a5ddec2b0ae741cea5ac2a.pdf\",\"date\":\"2025-11-26\",\"application_id\":37,\"document_id\":4,\"client_id\":0}]}]', 37, 1, '2025-11-26 19:14:10'),
(41, '[{\"key\":\"file_upload\",\"files\":[{\"id\":21,\"name\":\"_деревня Андреевское-г Москва_19112025 (Пономаренко) №294 (27).pdf\",\"link\":\"http://localhost/storage/2025/11/docs/a63ade69f18fef5c66ba96b3a90a4a0d307d5614.pdf\",\"date\":\"2025-11-26\",\"application_id\":37,\"document_id\":5,\"client_id\":0}]}]', 37, 1, '2025-11-26 19:14:17'),
(42, '[{\"key\":\"file_upload\",\"files\":[{\"id\":22,\"name\":\"_деревня Андреевское-г Москва_19112025 (Пономаренко) №294 (27).pdf\",\"link\":\"http://localhost/storage/2025/11/docs/24de1c26bedccbe3747cb2bdbceb1e7e3408e127.pdf\",\"date\":\"2025-11-26\",\"application_id\":37,\"document_id\":10,\"client_id\":0}]}]', 37, 1, '2025-11-26 19:14:25'),
(43, '[{\"key\":\"file_upload\",\"files\":[{\"id\":23,\"name\":\"_деревня Андреевское-г Москва_19112025 (Пономаренко) №294 (27).pdf\",\"link\":\"http://localhost/storage/2025/11/docs/bf19490f5858bd8096ffdd7896f6584473df9ab2.pdf\",\"date\":\"2025-11-26\",\"application_id\":37,\"document_id\":18,\"client_id\":0}]}]', 37, 1, '2025-11-26 19:15:26'),
(44, '[{\"key\":\"file_upload\",\"files\":[{\"id\":24,\"name\":\"«ТЕХНОЛОДЖИКАЛ_ДЕЛИВЕРИ_СЕРВИСЕЗ»_ деревня Андреевское-г Москва_19112025 (Пономаренко) (1).pdf\",\"link\":\"http://localhost/storage/2025/11/docs/41a139d07f9f89da2709da6bb5659f5b10bd6914.pdf\",\"date\":\"2025-11-26\",\"application_id\":37,\"document_id\":13,\"client_id\":0}]}]', 37, 1, '2025-11-26 19:16:08'),
(45, '[{\"key\":\"file_upload\",\"files\":[{\"id\":25,\"name\":\"«ТЕХНОЛОДЖИКАЛ_ДЕЛИВЕРИ_СЕРВИСЕЗ»_ деревня Андреевское-г Москва_19112025 (Пономаренко) (1).pdf\",\"link\":\"http://localhost/storage/2025/11/docs/c4b90385f00905673d2aa85ae6459e2bf453ccfd.pdf\",\"date\":\"2025-11-26\",\"application_id\":37,\"document_id\":14,\"client_id\":0}]}]', 37, 1, '2025-11-26 19:16:11');

-- --------------------------------------------------------

--
-- Структура таблицы `clients`
--

CREATE TABLE `clients` (
  `id` int NOT NULL,
  `type_taxation_id` varchar(255) NOT NULL,
  `inn` varchar(255) NOT NULL,
  `legal_address` varchar(255) CHARACTER SET utf8mb4 COLLATE utf8mb4_0900_ai_ci NOT NULL,
  `name` varchar(255) NOT NULL,
  `info` text NOT NULL,
  `full_name` varchar(255) NOT NULL,
  `job_title` varchar(255) NOT NULL,
  `phone` varchar(255) NOT NULL,
  `email` varchar(255) NOT NULL,
  `application_format` tinyint(1) NOT NULL DEFAULT '0' COMMENT '0 - заявки по нашей системе 1 - заявка по формату клиента',
  `format_work` varchar(120) CHARACTER SET utf8mb4 COLLATE utf8mb4_0900_ai_ci NOT NULL,
  `payment_deferment` varchar(125) NOT NULL DEFAULT '0',
  `quantity_applications` int NOT NULL DEFAULT '0',
  `users_access` varchar(500) NOT NULL,
  `visible` int NOT NULL DEFAULT '1' COMMENT '0-Скрыт\r\n1-Видно\r\nПо дефолту - 1',
  `percent` int NOT NULL DEFAULT '25',
  `in_work` tinyint(1) NOT NULL DEFAULT '1' COMMENT '0 - в базе обзвонов,\r\n1 - в базе клиентов'
) ENGINE=InnoDB DEFAULT CHARSET=utf8mb4 COLLATE=utf8mb4_0900_ai_ci;

--
-- Дамп данных таблицы `clients`
--

INSERT INTO `clients` (`id`, `type_taxation_id`, `inn`, `legal_address`, `name`, `info`, `full_name`, `job_title`, `phone`, `email`, `application_format`, `format_work`, `payment_deferment`, `quantity_applications`, `users_access`, `visible`, `percent`, `in_work`) VALUES
(1, 'С НДС', '1111111111', 'Юридический адрес', 'Лучший клиент', '', 'Сергеев Иван', 'Логист', '8 (777) 777-77-77', 'client1@test.ru', 0, 'Сканы счет/акт', '', 31, '|55|,', 0, 0, 1),
(2, 'С НДС', '1111111111', 'Юридический адрес', 'Самый лучший клиент', '', 'Алексеев Андрей', 'Логист', '8 (777) 777-77-77', 'client1@test.ru', 0, 'Сканы счет/акт', '', 0, '|55|,', 0, 0, 1),
(3, 'С НДС', '1111111111', 'Юридический адрес', 'Клиент 1', '', 'Сергеев Иван', 'Логист', '8 (777) 777-77-77', 'client1@test.ru', 0, 'Сканы счет/акт', '', 0, '|55|,', 0, 0, 1),
(4, 'С НДС', '1111111111', 'Юридический адрес', 'Клиент 2', '', 'Сергеев Иван', 'Логист', '8 (777) 777-77-77', 'client1@test.ru', 0, 'Сканы счет/акт', '', 0, '|55|,', 0, 0, 1),
(5, 'С НДС', '1111111111', 'Юридический адрес', 'Клиент 3', '', 'Сергеев Иван', 'Логист', '8 (777) 777-77-77', 'client1@test.ru', 0, 'Сканы счет/акт', '', 0, '|55|,', 0, 0, 1),
(6, 'С НДС', '1111111111', 'Юридический адрес', 'Клиент 4', '', 'Сергеев Иван', 'Логист', '8 (777) 777-77-77', 'client1@test.ru', 0, 'Сканы счет/акт', '', 6, '|55|,|57|,', 0, 0, 1),
(7, 'С НДС', '1111111111', 'Юридический адрес', 'Клиент 5', '', 'Сергеев Иван', 'Логист', '8 (777) 777-77-77', 'client1@test.ru', 0, 'Сканы счет/акт', '', 0, '|55|,|57|,', 0, 0, 1),
(8, 'С НДС', '1111111111', 'Юридический адрес', 'Клиент 6', '', 'Сергеев Иван', 'Логист', '8 (777) 777-77-77', 'client1@test.ru', 0, 'Сканы счет/акт', '', 0, '|55|,|57|,', 0, 0, 1),
(9, 'Б/НДС', '7707083893', 'г Москва, ул Вавилова, д 19', 'ПУБЛИЧНОЕ АКЦИОНЕРНОЕ ОБЩЕСТВО \"СБЕРБАНК РОССИИ\"', '', 'Иванов Иван Иванович', 'директор', '8 (777) 777-77-77', 'sber@mail.ru', 0, 'Сканы счет/акт', '', 0, '|1|', 0, 0, 1),
(10, 'С НДС', '111111112233444', 'Юридический ад', 'Лучший клиент', '', 'Иванов Иван Иванович', 'Логист', '8 (777) 777-77-77', 'client@test.ru', 0, 'Сканы счет/акт', '', 0, '|55|,|57|,', 0, 0, 1),
(11, 'С НДС 20%', '1241242151255', 'Юридический ад', 'ПУБЛИЧНОЕ 2', '', 'Сергеев Иван', '', '8 (777) 777-77-77', 'client@test.ru', 0, 'Счет/акт + фото ТСД', '', 0, '|1|', 0, 0, 0);

-- --------------------------------------------------------

--
-- Структура таблицы `clients_info`
--

CREATE TABLE `clients_info` (
  `id` int NOT NULL,
  `client_id` int NOT NULL,
  `client_character` varchar(999) CHARACTER SET utf8mb4 COLLATE utf8mb4_0900_ai_ci NOT NULL,
  `accountant_standard_contract` varchar(255) CHARACTER SET utf8mb4 COLLATE utf8mb4_0900_ai_ci NOT NULL,
  `accountant_originals_contract` varchar(255) CHARACTER SET utf8mb4 COLLATE utf8mb4_0900_ai_ci NOT NULL,
  `accountant_sending_closing_documents` varchar(255) CHARACTER SET utf8mb4 COLLATE utf8mb4_0900_ai_ci NOT NULL,
  `accountant_availability_ttn_trn` varchar(255) CHARACTER SET utf8mb4 COLLATE utf8mb4_0900_ai_ci NOT NULL,
  `accountant_sending_ttn_trn_er` varchar(255) CHARACTER SET utf8mb4 COLLATE utf8mb4_0900_ai_ci NOT NULL,
  `accountant_text` varchar(999) CHARACTER SET utf8mb4 COLLATE utf8mb4_0900_ai_ci NOT NULL,
  `quality_department_text` varchar(999) CHARACTER SET utf8mb4 COLLATE utf8mb4_0900_ai_ci NOT NULL,
  `lawyers_text` varchar(999) CHARACTER SET utf8mb4 COLLATE utf8mb4_0900_ai_ci NOT NULL
) ENGINE=InnoDB DEFAULT CHARSET=utf8mb4 COLLATE=utf8mb4_0900_ai_ci;

--
-- Дамп данных таблицы `clients_info`
--

INSERT INTO `clients_info` (`id`, `client_id`, `client_character`, `accountant_standard_contract`, `accountant_originals_contract`, `accountant_sending_closing_documents`, `accountant_availability_ttn_trn`, `accountant_sending_ttn_trn_er`, `accountant_text`, `quality_department_text`, `lawyers_text`) VALUES
(1, 1, '', '', '', '', '', '', '', '', ''),
(2, 9, '', '', '', '', '', '', '', '', ''),
(3, 10, '', '', '', '', '', '', '', '', ''),
(4, 11, '', '', '', '', '', '', '', '', '');

-- --------------------------------------------------------

--
-- Структура таблицы `comments_application`
--

CREATE TABLE `comments_application` (
  `id` int NOT NULL,
  `id_application` int NOT NULL,
  `id_user` int NOT NULL,
  `type_comment` int NOT NULL DEFAULT '0' COMMENT '0 - обычный комментарий 1 - для файлов перевозчика 2 - для файлов клиента',
  `comment` text NOT NULL,
  `date_time` datetime NOT NULL,
  `important` tinyint(1) NOT NULL DEFAULT '0' COMMENT '0 - не важный\r\n1 - важный',
  `visible` tinyint(1) NOT NULL DEFAULT '1' COMMENT '0 - скрыт\r\n1-Видно \r\nПо дефолту - 1  '
) ENGINE=InnoDB DEFAULT CHARSET=utf8mb4 COLLATE=utf8mb4_0900_ai_ci;

--
-- Дамп данных таблицы `comments_application`
--

INSERT INTO `comments_application` (`id`, `id_application`, `id_user`, `type_comment`, `comment`, `date_time`, `important`, `visible`) VALUES
(1, 32, 1, 0, 'ТЕст', '2025-10-23 07:24:05', 0, 1),
(2, 33, 57, 0, 'Посмотри меня', '2025-10-23 13:40:33', 0, 1);

-- --------------------------------------------------------

--
-- Структура таблицы `comments_application_compete_supervisor`
--

CREATE TABLE `comments_application_compete_supervisor` (
  `id` int NOT NULL,
  `id_application` int NOT NULL,
  `id_user` int NOT NULL,
  `comment` text NOT NULL,
  `datetime` datetime NOT NULL
) ENGINE=InnoDB DEFAULT CHARSET=utf8mb4 COLLATE=utf8mb4_0900_ai_ci;

-- --------------------------------------------------------

--
-- Структура таблицы `conditions`
--

CREATE TABLE `conditions` (
  `id` int NOT NULL,
  `name` varchar(500) NOT NULL,
  `description` text NOT NULL
) ENGINE=InnoDB DEFAULT CHARSET=utf8mb4 COLLATE=utf8mb4_0900_ai_ci COMMENT='Обязательные условия';

-- --------------------------------------------------------

--
-- Структура таблицы `contact_faces`
--

CREATE TABLE `contact_faces` (
  `id` int NOT NULL,
  `name` varchar(255) NOT NULL,
  `job` varchar(255) NOT NULL,
  `phone` varchar(255) NOT NULL,
  `email` varchar(255) NOT NULL,
  `client_id` int NOT NULL
) ENGINE=InnoDB DEFAULT CHARSET=utf8mb4 COLLATE=utf8mb4_0900_ai_ci;

-- --------------------------------------------------------

--
-- Структура таблицы `customers`
--

CREATE TABLE `customers` (
  `id` int NOT NULL,
  `name` varchar(255) NOT NULL,
  `inn` varchar(32) CHARACTER SET utf8mb4 COLLATE utf8mb4_0900_ai_ci NOT NULL,
  `mailing_address` text CHARACTER SET utf8mb4 COLLATE utf8mb4_0900_ai_ci NOT NULL,
  `legal_address` text CHARACTER SET utf8mb4 COLLATE utf8mb4_0900_ai_ci NOT NULL,
  `contact_face` varchar(500) CHARACTER SET utf8mb4 COLLATE utf8mb4_0900_ai_ci NOT NULL,
  `initials` varchar(255) NOT NULL,
  `phone` varchar(500) CHARACTER SET utf8mb4 COLLATE utf8mb4_0900_ai_ci NOT NULL,
  `link_seal` text CHARACTER SET utf8mb4 COLLATE utf8mb4_0900_ai_ci NOT NULL,
  `link_signature` text CHARACTER SET utf8mb4 COLLATE utf8mb4_0900_ai_ci NOT NULL,
  `visible` int NOT NULL DEFAULT '1' COMMENT '0-Скрыт\r\n1-Видно\r\nПо дефолту - 1'
) ENGINE=InnoDB DEFAULT CHARSET=utf8mb4 COLLATE=utf8mb4_0900_ai_ci;

--
-- Дамп данных таблицы `customers`
--

INSERT INTO `customers` (`id`, `name`, `inn`, `mailing_address`, `legal_address`, `contact_face`, `initials`, `phone`, `link_seal`, `link_signature`, `visible`) VALUES
(1, 'ООО «СБ-Логистика»', '6671306037', '620063, г. Екатеринбург, а/я 18', '620146, Россия, Свердловская область, г.\nЕкатеринбург, ул. Амундсена, д. 5, кв. 168', 'Батаков Михаил Юрьевич', 'М.Ю.', '+ 7 (929) 215-49-15', '', '', 1),
(2, 'ИП Батакова Виктория Михайловна', '660106727626', '', '', 'Батакова Виктория Михайловна', 'В.М.', '', '', '', 1);

-- --------------------------------------------------------

--
-- Структура таблицы `document_flow`
--

CREATE TABLE `document_flow` (
  `id` int NOT NULL,
  `attorney_driver_num` int NOT NULL,
  `forwarding_receipt_num` int NOT NULL,
  `receipt_services_num` int NOT NULL DEFAULT '0',
  `application_num` int NOT NULL,
  `application_prr_num` int NOT NULL,
  `prr_receipt_services_num` int NOT NULL DEFAULT '0',
  `application_ts_num` int NOT NULL DEFAULT '0'
) ENGINE=InnoDB DEFAULT CHARSET=utf8mb4 COLLATE=utf8mb4_0900_ai_ci;

--
-- Дамп данных таблицы `document_flow`
--

INSERT INTO `document_flow` (`id`, `attorney_driver_num`, `forwarding_receipt_num`, `receipt_services_num`, `application_num`, `application_prr_num`, `prr_receipt_services_num`, `application_ts_num`) VALUES
(1, 1000, 1000, 1000, 1006, 1000, 1000, 1000);

-- --------------------------------------------------------

--
-- Структура таблицы `drivers`
--

CREATE TABLE `drivers` (
  `id` int NOT NULL,
  `name` varchar(255) CHARACTER SET utf8mb4 COLLATE utf8mb4_0900_ai_ci NOT NULL,
  `driver_license` varchar(255) NOT NULL,
  `phone` varchar(50) NOT NULL,
  `passport_serial_number` varchar(255) CHARACTER SET utf8mb4 COLLATE utf8mb4_0900_ai_ci NOT NULL,
  `issued_by` varchar(255) NOT NULL,
  `issued_date` date DEFAULT NULL,
  `department_code` varchar(255) NOT NULL,
  `is_our_driver` tinyint NOT NULL DEFAULT '0'
) ENGINE=InnoDB DEFAULT CHARSET=utf8mb4 COLLATE=utf8mb4_0900_ai_ci;

--
-- Дамп данных таблицы `drivers`
--

INSERT INTO `drivers` (`id`, `name`, `driver_license`, `phone`, `passport_serial_number`, `issued_by`, `issued_date`, `department_code`, `is_our_driver`) VALUES
(1, 'Иванов Петр Михайлович', '11 11 111111', '8 (777) 777-77-77', '22 22 222222', 'ВЫДАН', '2020-12-12', '156-465', 0);

-- --------------------------------------------------------

--
-- Структура таблицы `drivers_cars`
--

CREATE TABLE `drivers_cars` (
  `id` int NOT NULL,
  `id_driver` int NOT NULL,
  `car_brand` varchar(255) NOT NULL,
  `government_number` varchar(255) NOT NULL,
  `semitrailer` varchar(255) NOT NULL,
  `type_transport` varchar(255) NOT NULL,
  `type_carcase` varchar(255) NOT NULL
) ENGINE=InnoDB DEFAULT CHARSET=utf8mb4 COLLATE=utf8mb4_0900_ai_ci;

--
-- Дамп данных таблицы `drivers_cars`
--

INSERT INTO `drivers_cars` (`id`, `id_driver`, `car_brand`, `government_number`, `semitrailer`, `type_transport`, `type_carcase`) VALUES
(1, 1, 'ГАЗ', 'Р 521 ЛА / 22', '', '5 тонник ≈ 30 кубов', '');

-- --------------------------------------------------------

--
-- Структура таблицы `files`
--

CREATE TABLE `files` (
  `id` int NOT NULL,
  `name` varchar(999) NOT NULL,
  `link` varchar(999) NOT NULL,
  `date` date NOT NULL,
  `application_id` int NOT NULL DEFAULT '0',
  `client_id` int NOT NULL DEFAULT '0',
  `document_id` int NOT NULL
) ENGINE=InnoDB DEFAULT CHARSET=utf8mb4 COLLATE=utf8mb4_0900_ai_ci;

--
-- Дамп данных таблицы `files`
--

INSERT INTO `files` (`id`, `name`, `link`, `date`, `application_id`, `client_id`, `document_id`) VALUES
(4, 'Подписанная заявка от перевозчика.pdf', 'http://localhost/storage/2025/10/docs/64389e1b6cb9a51090143a7e6aa8f09e6e004571.pdf', '2025-10-23', 33, 0, 1),
(5, 'Подписанная заявка от перевозчика.pdf', 'http://localhost/storage/2025/10/docs/58b9f4d37f03dfc7a70b54783ae5b48c832fd5d2.pdf', '2025-10-23', 33, 0, 101),
(6, 'Подписанная заявка от клиента.pdf', 'http://localhost/storage/2025/10/docs/891a96db819f49eaeaa586a5be70b477787f1805.pdf', '2025-10-23', 33, 0, 10),
(7, 'ФОТО ТТН с выгрузки.jpg', 'http://localhost/storage/2025/10/docs/141f865ec51cad2e12c54e7dccff1534768d7585.jpg', '2025-10-23', 33, 0, 2),
(8, 'Счет от перевозчика.pdf', 'http://localhost/storage/2025/10/docs/6d44df836505232ade9a6c81dab93d1224ea8abc.pdf', '2025-10-23', 33, 0, 4),
(9, 'УПД от перевозчика.pdf', 'http://localhost/storage/2025/10/docs/c28ffafb302dfb27959daa2dea460599a1ed3733.pdf', '2025-10-23', 33, 0, 5),
(10, 'Сканы ТТН.pdf', 'http://localhost/storage/2025/10/docs/0af880a8c8b7251569682d767c16bd0f415e1d1f.pdf', '2025-10-23', 33, 0, 18),
(11, 'Счет от перевозчика.pdf', 'http://localhost/storage/2025/10/docs/77d2d95c4315fe52176e8a2127b21de5bd5e6850.pdf', '2025-10-23', 33, 0, 13),
(12, 'Счет на оплату клиент.pdf', 'http://localhost/storage/2025/10/docs/24ebc0e2c788e58203c9ebb35015f82fe6fd8f06.pdf', '2025-10-23', 33, 0, 14),
(13, 'Договор на оказание услуг фиксированной связи интернет ООО Библеон.pdf', 'http://localhost/storage/2025/11/docs/7125dc3dac132c2dbd7dff7531acdaa4670f4232.pdf', '2025-11-26', 35, 0, 1),
(14, 'Договор на оказание услуг фиксированной связи интернет ООО Библеон.pdf', 'http://localhost/storage/2025/11/docs/3cf7c08162bf7b6f8206bf5c500f54b98b1b5c75.pdf', '2025-11-26', 35, 0, 2),
(15, '_деревня Андреевское-г Москва_19112025 (Пономаренко) №294 (27).pdf', 'http://localhost/storage/2025/11/docs/6a2bb7861e1f186172cde8adbd7743a650920cb1.pdf', '2025-11-26', 35, 0, 10),
(16, 'Договор на оказание услуг фиксированной связи интернет ООО Библеон.pdf', 'http://localhost/storage/2025/11/docs/149a5b8cb88c11e32910e5db63b3c06fd9a8282f.pdf', '2025-11-26', 35, 0, 13),
(17, 'Договор на оказание услуг фиксированной связи интернет ООО Библеон.pdf', 'http://localhost/storage/2025/11/docs/6ee36d98a08071b007f1f192eed688a8d903e135.pdf', '2025-11-26', 35, 0, 14),
(18, '_деревня Андреевское-г Москва_19112025 (Пономаренко) №294 (27).pdf', 'http://localhost/storage/2025/11/docs/cffaee7ef04aecd163a07aaee1e06d5c3daef88b.pdf', '2025-11-26', 37, 0, 1),
(19, '_деревня Андреевское-г Москва_19112025 (Пономаренко) №294 (27).pdf', 'http://localhost/storage/2025/11/docs/379fb2c9e425b6623f108aa60876698eb88f924e.pdf', '2025-11-26', 37, 0, 2),
(20, '_деревня Андреевское-г Москва_19112025 (Пономаренко) №294 (27).pdf', 'http://localhost/storage/2025/11/docs/d93b7539bb0ebea9e6a5ddec2b0ae741cea5ac2a.pdf', '2025-11-26', 37, 0, 4),
(21, '_деревня Андреевское-г Москва_19112025 (Пономаренко) №294 (27).pdf', 'http://localhost/storage/2025/11/docs/a63ade69f18fef5c66ba96b3a90a4a0d307d5614.pdf', '2025-11-26', 37, 0, 5),
(22, '_деревня Андреевское-г Москва_19112025 (Пономаренко) №294 (27).pdf', 'http://localhost/storage/2025/11/docs/24de1c26bedccbe3747cb2bdbceb1e7e3408e127.pdf', '2025-11-26', 37, 0, 10),
(23, '_деревня Андреевское-г Москва_19112025 (Пономаренко) №294 (27).pdf', 'http://localhost/storage/2025/11/docs/bf19490f5858bd8096ffdd7896f6584473df9ab2.pdf', '2025-11-26', 37, 0, 18),
(24, '«ТЕХНОЛОДЖИКАЛ_ДЕЛИВЕРИ_СЕРВИСЕЗ»_ деревня Андреевское-г Москва_19112025 (Пономаренко) (1).pdf', 'http://localhost/storage/2025/11/docs/41a139d07f9f89da2709da6bb5659f5b10bd6914.pdf', '2025-11-26', 37, 0, 13),
(25, '«ТЕХНОЛОДЖИКАЛ_ДЕЛИВЕРИ_СЕРВИСЕЗ»_ деревня Андреевское-г Москва_19112025 (Пономаренко) (1).pdf', 'http://localhost/storage/2025/11/docs/c4b90385f00905673d2aa85ae6459e2bf453ccfd.pdf', '2025-11-26', 37, 0, 14);

-- --------------------------------------------------------

--
-- Структура таблицы `files_bank_statement`
--

CREATE TABLE `files_bank_statement` (
  `id` int NOT NULL,
  `id_user_upload` int NOT NULL,
  `datetime_upload` datetime NOT NULL,
  `datetime_last_open` datetime NOT NULL,
  `name` text NOT NULL,
  `link` text NOT NULL
) ENGINE=InnoDB DEFAULT CHARSET=utf8mb4 COLLATE=utf8mb4_0900_ai_ci;

-- --------------------------------------------------------

--
-- Структура таблицы `fines`
--

CREATE TABLE `fines` (
  `id` int NOT NULL,
  `sum` int NOT NULL,
  `description` varchar(500) NOT NULL,
  `datetime` datetime NOT NULL,
  `type_for` tinyint NOT NULL COMMENT '0 - От перевозчика\r\n1 - перевозчику',
  `id_application` int NOT NULL
) ENGINE=InnoDB DEFAULT CHARSET=utf8mb4 COLLATE=utf8mb4_0900_ai_ci;

-- --------------------------------------------------------

--
-- Структура таблицы `fines_manager`
--

CREATE TABLE `fines_manager` (
  `id` int NOT NULL,
  `id_manager` int NOT NULL,
  `quantity` float NOT NULL,
  `description` text NOT NULL,
  `date_create` date NOT NULL,
  `id_salary` int NOT NULL
) ENGINE=InnoDB DEFAULT CHARSET=utf8mb4 COLLATE=utf8mb4_0900_ai_ci;

-- --------------------------------------------------------

--
-- Структура таблицы `forwarders`
--

CREATE TABLE `forwarders` (
  `id` int NOT NULL,
  `name` varchar(500) NOT NULL,
  `inn` varchar(255) NOT NULL,
  `legal_address` varchar(500) NOT NULL,
  `contact` varchar(500) NOT NULL
) ENGINE=InnoDB DEFAULT CHARSET=utf8mb4 COLLATE=utf8mb4_0900_ai_ci;

-- --------------------------------------------------------

--
-- Структура таблицы `history_payment`
--

CREATE TABLE `history_payment` (
  `id` int NOT NULL,
  `id_user` int NOT NULL,
  `id_application` int NOT NULL,
  `id_user_application` int NOT NULL DEFAULT '0',
  `side` tinyint NOT NULL DEFAULT '0' COMMENT '0 - клиент\r\n1 - перевозчик',
  `quantity` float NOT NULL,
  `date` datetime NOT NULL
) ENGINE=InnoDB DEFAULT CHARSET=utf8mb4 COLLATE=utf8mb4_0900_ai_ci;

--
-- Дамп данных таблицы `history_payment`
--

INSERT INTO `history_payment` (`id`, `id_user`, `id_application`, `id_user_application`, `side`, `quantity`, `date`) VALUES
(1, 1, 32, 55, 0, 150000, '2025-08-10 12:31:37'),
(2, 1, 9, 55, 0, 150000, '2025-08-10 12:31:56'),
(3, 1, 8, 55, 0, 150000, '2025-08-10 12:32:00'),
(4, 1, 33, 57, 0, 140000, '2025-10-23 13:59:34'),
(5, 1, 35, 57, 0, 140000, '2025-11-26 19:07:53'),
(6, 1, 37, 57, 0, 140000, '2025-11-26 19:15:57');

-- --------------------------------------------------------

--
-- Структура таблицы `main_site_form_feedback`
--

CREATE TABLE `main_site_form_feedback` (
  `id` int NOT NULL,
  `name` text NOT NULL,
  `phone` text NOT NULL,
  `email` text NOT NULL,
  `service` text NOT NULL,
  `message` text NOT NULL,
  `datetime` datetime NOT NULL
) ENGINE=InnoDB DEFAULT CHARSET=utf8mb4 COLLATE=utf8mb4_0900_ai_ci;

-- --------------------------------------------------------

--
-- Структура таблицы `manager_journal_event`
--

CREATE TABLE `manager_journal_event` (
  `id` int NOT NULL,
  `application_id` int NOT NULL,
  `event` varchar(255) NOT NULL,
  `status` int NOT NULL DEFAULT '0'
) ENGINE=InnoDB DEFAULT CHARSET=utf8mb4 COLLATE=utf8mb4_0900_ai_ci;

--
-- Дамп данных таблицы `manager_journal_event`
--

INSERT INTO `manager_journal_event` (`id`, `application_id`, `event`, `status`) VALUES
(1, 32, 'client_payment_status', 0),
(2, 9, 'client_payment_status', 0),
(3, 8, 'client_payment_status', 0),
(4, 33, 'client_payment_status', 0),
(5, 35, 'client_payment_status', 0),
(6, 37, 'client_payment_status', 0);

-- --------------------------------------------------------

--
-- Структура таблицы `notifications`
--

CREATE TABLE `notifications` (
  `id` int NOT NULL,
  `id_from_user` int NOT NULL,
  `id_to_user` int NOT NULL,
  `id_application` int NOT NULL,
  `application_number` varchar(255) NOT NULL,
  `name` text NOT NULL,
  `text` text NOT NULL,
  `status` int NOT NULL DEFAULT '0',
  `date` datetime NOT NULL,
  `for_client` tinyint NOT NULL DEFAULT '0' COMMENT '0 - уведомление по заявке, 1 - уведомления по клиентам'
) ENGINE=InnoDB DEFAULT CHARSET=utf8mb4 COLLATE=utf8mb4_0900_ai_ci;

--
-- Дамп данных таблицы `notifications`
--

INSERT INTO `notifications` (`id`, `id_from_user`, `id_to_user`, `id_application`, `application_number`, `name`, `text`, `status`, `date`, `for_client`) VALUES
(1, 20, 20, 1, '0', 'Первая заявка ', 'Первая заявка у клиента Лучший клиент', 0, '2025-08-10 11:54:30', 1),
(2, 20, 20, 6, '0', 'Первая заявка ', 'Первая заявка у клиента Клиент 4', 0, '2025-08-10 12:48:34', 1),
(3, 11, 57, 33, '1002', 'Просьба отправить клиенту счёт по заявке ', '', 0, '2025-10-23 14:01:16', 0),
(4, 11, 57, 35, '1004', 'Просьба отправить клиенту счёт по заявке ', '', 0, '2025-11-26 19:07:36', 0),
(5, 11, 57, 37, '1006', 'Просьба отправить клиенту счёт по заявке ', '', 0, '2025-11-26 19:16:11', 0);

-- --------------------------------------------------------

--
-- Структура таблицы `payment`
--

CREATE TABLE `payment` (
  `id` int NOT NULL,
  `id_user` int NOT NULL,
  `name` text NOT NULL,
  `path` text NOT NULL,
  `date_upload` datetime NOT NULL,
  `date_last_open` datetime NOT NULL
) ENGINE=InnoDB DEFAULT CHARSET=utf8mb4 COLLATE=utf8mb4_0900_ai_ci;

-- --------------------------------------------------------

--
-- Структура таблицы `payments_managers`
--

CREATE TABLE `payments_managers` (
  `id` int NOT NULL,
  `id_user_create` int NOT NULL,
  `id_manager` int NOT NULL,
  `type` int NOT NULL COMMENT '0 - аванс\r\n1 - офиц. 5 числа\r\n2 - офиц. 20 числа',
  `quantity` float NOT NULL,
  `id_salary` int NOT NULL,
  `date_create` date NOT NULL
) ENGINE=InnoDB DEFAULT CHARSET=utf8mb4 COLLATE=utf8mb4_0900_ai_ci;

-- --------------------------------------------------------

--
-- Структура таблицы `payment_history_additional_expenses`
--

CREATE TABLE `payment_history_additional_expenses` (
  `id` int NOT NULL,
  `sum` varchar(255) NOT NULL,
  `application_id` int NOT NULL,
  `additional_expense_id` int NOT NULL,
  `taxation_type` varchar(255) NOT NULL,
  `additional_expenses_name` varchar(255) NOT NULL,
  `user_id` int NOT NULL,
  `datetime` datetime NOT NULL
) ENGINE=InnoDB DEFAULT CHARSET=utf8mb4 COLLATE=utf8mb4_0900_ai_ci;

-- --------------------------------------------------------

--
-- Структура таблицы `payment_history_additional_expenses_prr`
--

CREATE TABLE `payment_history_additional_expenses_prr` (
  `id` int NOT NULL,
  `sum` varchar(255) NOT NULL,
  `application_id` int NOT NULL,
  `additional_expense_id` int NOT NULL,
  `taxation_type` varchar(255) NOT NULL,
  `additional_expenses_name` varchar(255) NOT NULL,
  `user_id` int NOT NULL,
  `datetime` datetime NOT NULL
) ENGINE=InnoDB DEFAULT CHARSET=utf8mb4 COLLATE=utf8mb4_0900_ai_ci;

-- --------------------------------------------------------

--
-- Структура таблицы `plan_execution_managers`
--

CREATE TABLE `plan_execution_managers` (
  `id` int NOT NULL,
  `id_user` int NOT NULL,
  `quantity` float NOT NULL,
  `percent` int NOT NULL,
  `id_plan` int NOT NULL,
  `date_start` date NOT NULL,
  `date_end` date NOT NULL
) ENGINE=InnoDB DEFAULT CHARSET=utf8mb4 COLLATE=utf8mb4_0900_ai_ci;

--
-- Дамп данных таблицы `plan_execution_managers`
--

INSERT INTO `plan_execution_managers` (`id`, `id_user`, `quantity`, `percent`, `id_plan`, `date_start`, `date_end`) VALUES
(1, 55, 281000, 25, 4, '2025-07-20', '2025-08-19'),
(2, 56, 247000, 25, 4, '2025-07-20', '2025-08-19'),
(3, 57, 185250, 25, 4, '2025-07-20', '2025-08-19'),
(4, 58, 92625, 25, 4, '2025-07-20', '2025-08-19'),
(5, 59, 154375, 25, 4, '2025-07-20', '2025-08-19'),
(6, 57, 9025, 25, 3, '2025-10-20', '2025-11-19');

-- --------------------------------------------------------

--
-- Структура таблицы `prr_application`
--

CREATE TABLE `prr_application` (
  `id` int NOT NULL,
  `date` datetime NOT NULL,
  `chosen_contact_Prr` varchar(255) DEFAULT NULL,
  `place_Prr` varchar(255) NOT NULL,
  `place_Client` varchar(255) NOT NULL,
  `number_loaders_Prr` varchar(255) NOT NULL,
  `number_loaders_Client` varchar(255) NOT NULL,
  `weight_Prr` varchar(125) NOT NULL,
  `customer_id_Prr` int NOT NULL,
  `prr_id_Prr` int NOT NULL,
  `client_id_Client` int NOT NULL,
  `chosen_contact_Client` varchar(255) DEFAULT NULL,
  `nature_cargo_Prr` text NOT NULL,
  `special_condition_Prr` text NOT NULL,
  `terms_payment_Prr` text NOT NULL,
  `cost_Prr` varchar(125) NOT NULL,
  `taxation_type_Prr` varchar(125) NOT NULL,
  `weight_Client` varchar(125) NOT NULL,
  `customer_id_Client` int NOT NULL,
  `nature_cargo_Client` text NOT NULL,
  `special_condition_Client` text NOT NULL,
  `terms_payment_Client` text NOT NULL,
  `cost_Client` varchar(125) NOT NULL,
  `taxation_type_Client` varchar(125) NOT NULL,
  `application_number` varchar(120) NOT NULL,
  `id_user` int NOT NULL,
  `id_application` int DEFAULT NULL,
  `application_walrus` float NOT NULL DEFAULT '0',
  `manager_share` float NOT NULL DEFAULT '0',
  `application_net_profit` float NOT NULL DEFAULT '0',
  `application_section_journal` tinyint NOT NULL DEFAULT '1',
  `application_status` varchar(255) NOT NULL DEFAULT 'В работе',
  `application_status_journal` varchar(120) NOT NULL DEFAULT 'Е.Н.П',
  `receipt_services_num` int NOT NULL DEFAULT '0',
  `date_last_update` datetime NOT NULL,
  `account_number_Client` varchar(255) CHARACTER SET utf8mb4 COLLATE utf8mb4_0900_ai_ci DEFAULT NULL,
  `upd_number_Client` varchar(255) CHARACTER SET utf8mb4 COLLATE utf8mb4_0900_ai_ci DEFAULT NULL,
  `actual_payment_Client` float NOT NULL DEFAULT '0',
  `full_payment_date_Client` datetime DEFAULT NULL,
  `account_number_Prr` varchar(255) CHARACTER SET utf8mb4 COLLATE utf8mb4_0900_ai_ci DEFAULT NULL,
  `upd_number_Prr` varchar(255) CHARACTER SET utf8mb4 COLLATE utf8mb4_0900_ai_ci DEFAULT NULL,
  `actual_payment_Prr` float NOT NULL DEFAULT '0',
  `full_payment_date_Prr` datetime DEFAULT NULL,
  `application_date_actual_unloading` date DEFAULT NULL,
  `application_closed_date` date DEFAULT NULL,
  `application_closed_document_date` date DEFAULT NULL,
  `account_status_Client` tinyint NOT NULL DEFAULT '0',
  `date_invoice_Client` date DEFAULT NULL,
  `cancelled` tinyint NOT NULL DEFAULT '0'
) ENGINE=InnoDB DEFAULT CHARSET=utf8mb4 COLLATE=utf8mb4_0900_ai_ci;

-- --------------------------------------------------------

--
-- Структура таблицы `prr_application_document_comment`
--

CREATE TABLE `prr_application_document_comment` (
  `id` int NOT NULL,
  `name` varchar(255) NOT NULL,
  `comment` text NOT NULL,
  `id_application` int NOT NULL,
  `id_user` int NOT NULL,
  `side` tinyint NOT NULL COMMENT '0 - файлы прр\r\n1 - файлы клиента',
  `num_document` varchar(120) NOT NULL,
  `datetime` datetime NOT NULL
) ENGINE=InnoDB DEFAULT CHARSET=utf8mb4 COLLATE=utf8mb4_0900_ai_ci;

-- --------------------------------------------------------

--
-- Структура таблицы `prr_application_document_comment_history`
--

CREATE TABLE `prr_application_document_comment_history` (
  `id` int NOT NULL,
  `name` varchar(255) NOT NULL,
  `comment` text NOT NULL,
  `id_application` int NOT NULL,
  `id_user` int NOT NULL,
  `side` tinyint NOT NULL COMMENT '0 - файлы перевозчика\r\n1 - файлы клиента',
  `num_document` int NOT NULL,
  `datetime` datetime NOT NULL
) ENGINE=InnoDB DEFAULT CHARSET=utf8mb4 COLLATE=utf8mb4_0900_ai_ci;

-- --------------------------------------------------------

--
-- Структура таблицы `prr_company`
--

CREATE TABLE `prr_company` (
  `id` int NOT NULL,
  `name` varchar(500) NOT NULL,
  `inn` varchar(255) NOT NULL,
  `legal_address` varchar(500) NOT NULL,
  `contact` varchar(500) NOT NULL
) ENGINE=InnoDB DEFAULT CHARSET=utf8mb4 COLLATE=utf8mb4_0900_ai_ci;

-- --------------------------------------------------------

--
-- Структура таблицы `prr_files`
--

CREATE TABLE `prr_files` (
  `id` int NOT NULL,
  `name` varchar(999) NOT NULL,
  `link` varchar(999) NOT NULL,
  `date` date NOT NULL,
  `application_id` int NOT NULL DEFAULT '0',
  `document_id` int NOT NULL,
  `client_id` int NOT NULL
) ENGINE=InnoDB DEFAULT CHARSET=utf8mb4 COLLATE=utf8mb4_0900_ai_ci;

-- --------------------------------------------------------

--
-- Структура таблицы `prr_history_payment`
--

CREATE TABLE `prr_history_payment` (
  `id` int NOT NULL,
  `id_user` int NOT NULL,
  `id_application` int NOT NULL,
  `id_user_application` int NOT NULL DEFAULT '0',
  `side` tinyint NOT NULL DEFAULT '0' COMMENT '0 - клиент\r\n1 - перевозчик',
  `quantity` float NOT NULL,
  `date` datetime NOT NULL
) ENGINE=InnoDB DEFAULT CHARSET=utf8mb4 COLLATE=utf8mb4_0900_ai_ci;

-- --------------------------------------------------------

--
-- Структура таблицы `prr_manager_journal_event`
--

CREATE TABLE `prr_manager_journal_event` (
  `id` int NOT NULL,
  `application_id` int NOT NULL,
  `event` varchar(255) NOT NULL,
  `status` int NOT NULL DEFAULT '0'
) ENGINE=InnoDB DEFAULT CHARSET=utf8mb4 COLLATE=utf8mb4_0900_ai_ci;

-- --------------------------------------------------------

--
-- Структура таблицы `prr_place`
--

CREATE TABLE `prr_place` (
  `id` int NOT NULL,
  `direction` tinyint NOT NULL COMMENT '0 - Разгрузка 1 - Погрузка	',
  `city` text NOT NULL,
  `address` text NOT NULL,
  `date` varchar(100) NOT NULL,
  `time` varchar(255) NOT NULL,
  `contact` varchar(255) NOT NULL,
  `phone` varchar(120) NOT NULL,
  `id_application` int NOT NULL,
  `sort` int NOT NULL,
  `type_for` int NOT NULL DEFAULT '0'
) ENGINE=InnoDB DEFAULT CHARSET=utf8mb4 COLLATE=utf8mb4_0900_ai_ci;

-- --------------------------------------------------------

--
-- Структура таблицы `prr_register_payment_application_comment`
--

CREATE TABLE `prr_register_payment_application_comment` (
  `id` int NOT NULL,
  `comment` text NOT NULL,
  `id_user` int NOT NULL,
  `id_application` int NOT NULL,
  `datetime_comment` datetime NOT NULL
) ENGINE=InnoDB DEFAULT CHARSET=utf8mb4 COLLATE=utf8mb4_0900_ai_ci;

-- --------------------------------------------------------

--
-- Структура таблицы `prr_register_payment_history`
--

CREATE TABLE `prr_register_payment_history` (
  `id` int NOT NULL,
  `id_application` int NOT NULL,
  `id_user` int NOT NULL,
  `date` date NOT NULL,
  `comment` text NOT NULL
) ENGINE=InnoDB DEFAULT CHARSET=utf8mb4 COLLATE=utf8mb4_0900_ai_ci;

-- --------------------------------------------------------

--
-- Структура таблицы `prr_tasks`
--

CREATE TABLE `prr_tasks` (
  `id` int NOT NULL,
  `name` varchar(255) CHARACTER SET utf8mb4 COLLATE utf8mb4_unicode_ci NOT NULL,
  `create_datetime` datetime NOT NULL,
  `deadline` datetime NOT NULL,
  `date_completion` varchar(255) CHARACTER SET utf8mb4 COLLATE utf8mb4_unicode_ci NOT NULL,
  `comment` text CHARACTER SET utf8mb4 COLLATE utf8mb4_unicode_ci NOT NULL,
  `executor_id` int NOT NULL,
  `status` int NOT NULL,
  `application_id` int NOT NULL
) ENGINE=InnoDB DEFAULT CHARSET=utf8mb4 COLLATE=utf8mb4_unicode_ci;

-- --------------------------------------------------------

--
-- Структура таблицы `register_payment_application_comment`
--

CREATE TABLE `register_payment_application_comment` (
  `id` int NOT NULL,
  `comment` text NOT NULL,
  `id_user` int NOT NULL,
  `id_application` int NOT NULL,
  `datetime_comment` datetime NOT NULL
) ENGINE=InnoDB DEFAULT CHARSET=utf8mb4 COLLATE=utf8mb4_0900_ai_ci;

-- --------------------------------------------------------

--
-- Структура таблицы `register_payment_history`
--

CREATE TABLE `register_payment_history` (
  `id` int NOT NULL,
  `id_application` int NOT NULL,
  `id_user` int NOT NULL,
  `date` date NOT NULL,
  `comment` text NOT NULL
) ENGINE=InnoDB DEFAULT CHARSET=utf8mb4 COLLATE=utf8mb4_0900_ai_ci;

-- --------------------------------------------------------

--
-- Структура таблицы `roles`
--

CREATE TABLE `roles` (
  `id` int NOT NULL,
  `name` varchar(255) NOT NULL,
  `crm_data` tinyint(1) NOT NULL DEFAULT '0',
  `admin_access` tinyint(1) NOT NULL DEFAULT '0',
  `finance_admin_access` tinyint(1) NOT NULL DEFAULT '0',
  `add_user_admin` tinyint NOT NULL DEFAULT '0'
) ENGINE=InnoDB DEFAULT CHARSET=utf8mb4 COLLATE=utf8mb4_0900_ai_ci;

--
-- Дамп данных таблицы `roles`
--

INSERT INTO `roles` (`id`, `name`, `crm_data`, `admin_access`, `finance_admin_access`, `add_user_admin`) VALUES
(1, 'Менеджер', 0, 0, 0, 0),
(2, 'Бухгалтер', 1, 0, 0, 0),
(3, 'Главный бухгалтер', 1, 1, 0, 0),
(4, 'Начальник юридического отдела', 1, 1, 0, 0),
(5, 'Юрист', 1, 0, 0, 0),
(6, 'Руководитель', 1, 1, 1, 1),
(7, 'Программист', 1, 1, 0, 1);

-- --------------------------------------------------------

--
-- Структура таблицы `routes`
--

CREATE TABLE `routes` (
  `id` int NOT NULL,
  `direction` tinyint NOT NULL COMMENT '0 - Куда\r\n1 - Откуда',
  `city` text NOT NULL,
  `address` text CHARACTER SET utf8mb4 COLLATE utf8mb4_0900_ai_ci NOT NULL,
  `date` varchar(100) NOT NULL,
  `time` varchar(100) NOT NULL,
  `contact` varchar(255) DEFAULT NULL,
  `phone` varchar(120) DEFAULT NULL,
  `loading_method` varchar(255) NOT NULL,
  `id_application` int NOT NULL,
  `sort` int NOT NULL,
  `type_for` int NOT NULL DEFAULT '0'
) ENGINE=InnoDB DEFAULT CHARSET=utf8mb4 COLLATE=utf8mb4_0900_ai_ci;

--
-- Дамп данных таблицы `routes`
--

INSERT INTO `routes` (`id`, `direction`, `city`, `address`, `date`, `time`, `contact`, `phone`, `loading_method`, `id_application`, `sort`, `type_for`) VALUES
(1, 1, 'г Москва', 'Адрес', '30.07.2025 - 01.08.2025', 'Время согласовать с менеджером', '', '8 (777) 777-77-77', 'Задний', 1, 0, 0),
(2, 0, 'Свердловская обл, г Екатеринбург', 'адрес 2', '01.08.2025', '', '', '', 'Задний', 1, 1, 0),
(3, 1, 'г Москва', 'Адрес', '30.07.2025 - 01.08.2025', 'Время согласовать с менеджером', '', '8 (777) 777-77-77', 'Задний', 1, 0, 1),
(4, 0, 'Свердловская обл, г Екатеринбург', 'адрес 2', '01.08.2025', '', '', '', 'Задний', 1, 1, 1),
(5, 1, 'г Москва', 'Адрес', '30.07.2025 - 01.08.2025', 'Время согласовать с менеджером', '', '8 (777) 777-77-77', 'Задний', 2, 0, 0),
(6, 0, 'Свердловская обл, г Екатеринбург', 'адрес 2', '01.08.2025', '', '', '', 'Задний', 2, 1, 0),
(7, 1, 'г Москва', 'Адрес', '30.07.2025 - 01.08.2025', 'Время согласовать с менеджером', '', '8 (777) 777-77-77', 'Задний', 2, 0, 1),
(8, 0, 'Свердловская обл, г Екатеринбург', 'адрес 2', '01.08.2025', '', '', '', 'Задний', 2, 1, 1),
(9, 1, 'г Москва', 'Адрес', '30.07.2025 - 01.08.2025', 'Время согласовать с менеджером', '', '8 (777) 777-77-77', 'Задний', 3, 0, 0),
(10, 0, 'Свердловская обл, г Екатеринбург', 'адрес 2', '01.08.2025', '', '', '', 'Задний', 3, 1, 0),
(11, 1, 'г Москва', 'Адрес', '30.07.2025 - 01.08.2025', 'Время согласовать с менеджером', '', '8 (777) 777-77-77', 'Задний', 3, 0, 1),
(12, 0, 'Свердловская обл, г Екатеринбург', 'адрес 2', '01.08.2025', '', '', '', 'Задний', 3, 1, 1),
(13, 1, 'г Москва', 'Адрес', '30.07.2025 - 01.08.2025', 'Время согласовать с менеджером', '', '8 (777) 777-77-77', 'Задний', 4, 0, 0),
(14, 0, 'Свердловская обл, г Екатеринбург', 'адрес 2', '01.08.2025', '', '', '', 'Задний', 4, 1, 0),
(15, 1, 'г Москва', 'Адрес', '30.07.2025 - 01.08.2025', 'Время согласовать с менеджером', '', '8 (777) 777-77-77', 'Задний', 4, 0, 1),
(16, 0, 'Свердловская обл, г Екатеринбург', 'адрес 2', '01.08.2025', '', '', '', 'Задний', 4, 1, 1),
(17, 1, 'г Москва', 'Адрес', '30.07.2025 - 01.08.2025', 'Время согласовать с менеджером', '', '8 (777) 777-77-77', 'Задний', 5, 0, 0),
(18, 0, 'Свердловская обл, г Екатеринбург', 'адрес 2', '01.08.2025', '', '', '', 'Задний', 5, 1, 0),
(19, 1, 'г Москва', 'Адрес', '30.07.2025 - 01.08.2025', 'Время согласовать с менеджером', '', '8 (777) 777-77-77', 'Задний', 5, 0, 1),
(20, 0, 'Свердловская обл, г Екатеринбург', 'адрес 2', '01.08.2025', '', '', '', 'Задний', 5, 1, 1),
(21, 1, 'г Москва', 'Адрес', '30.07.2025 - 01.08.2025', 'Время согласовать с менеджером', '', '8 (777) 777-77-77', 'Задний', 6, 0, 0),
(22, 0, 'Свердловская обл, г Екатеринбург', 'адрес 2', '01.08.2025', '', '', '', 'Задний', 6, 1, 0),
(23, 1, 'г Москва', 'Адрес', '30.07.2025 - 01.08.2025', 'Время согласовать с менеджером', '', '8 (777) 777-77-77', 'Задний', 6, 0, 1),
(24, 0, 'Свердловская обл, г Екатеринбург', 'адрес 2', '01.08.2025', '', '', '', 'Задний', 6, 1, 1),
(25, 1, 'г Москва', 'Адрес', '30.07.2025 - 01.08.2025', 'Время согласовать с менеджером', '', '8 (777) 777-77-77', 'Задний', 7, 0, 0),
(26, 0, 'Свердловская обл, г Екатеринбург', 'адрес 2', '01.08.2025', '', '', '', 'Задний', 7, 1, 0),
(27, 1, 'г Москва', 'Адрес', '30.07.2025 - 01.08.2025', 'Время согласовать с менеджером', '', '8 (777) 777-77-77', 'Задний', 7, 0, 1),
(28, 0, 'Свердловская обл, г Екатеринбург', 'адрес 2', '01.08.2025', '', '', '', 'Задний', 7, 1, 1),
(33, 1, 'г Москва', 'Адрес', '30.07.2025 - 01.08.2025', 'Время согласовать с менеджером', '', '8 (777) 777-77-77', 'Задний', 9, 0, 0),
(34, 0, 'Свердловская обл, г Екатеринбург', 'адрес 2', '01.08.2025', '', '', '', 'Задний', 9, 1, 0),
(35, 1, 'г Москва', 'Адрес', '30.07.2025 - 01.08.2025', 'Время согласовать с менеджером', '', '8 (777) 777-77-77', 'Задний', 9, 0, 1),
(36, 0, 'Свердловская обл, г Екатеринбург', 'адрес 2', '01.08.2025', '', '', '', 'Задний', 9, 1, 1),
(37, 1, 'г Москва', 'Адрес', '30.07.2025 - 01.08.2025', 'Время согласовать с менеджером', '', '8 (777) 777-77-77', 'Задний', 10, 0, 0),
(38, 0, 'Свердловская обл, г Екатеринбург', 'адрес 2', '01.08.2025', '', '', '', 'Задний', 10, 1, 0),
(39, 1, 'г Москва', 'Адрес', '30.07.2025 - 01.08.2025', 'Время согласовать с менеджером', '', '8 (777) 777-77-77', 'Задний', 10, 0, 1),
(40, 0, 'Свердловская обл, г Екатеринбург', 'адрес 2', '01.08.2025', '', '', '', 'Задний', 10, 1, 1),
(41, 1, 'г Москва', 'Адрес', '30.07.2025 - 01.08.2025', 'Время согласовать с менеджером', '', '8 (777) 777-77-77', 'Задний', 11, 0, 0),
(42, 0, 'Свердловская обл, г Екатеринбург', 'адрес 2', '01.08.2025', '', '', '', 'Задний', 11, 1, 0),
(43, 1, 'г Москва', 'Адрес', '30.07.2025 - 01.08.2025', 'Время согласовать с менеджером', '', '8 (777) 777-77-77', 'Задний', 11, 0, 1),
(44, 0, 'Свердловская обл, г Екатеринбург', 'адрес 2', '01.08.2025', '', '', '', 'Задний', 11, 1, 1),
(45, 1, 'г Москва', 'Адрес', '30.07.2025 - 01.08.2025', 'Время согласовать с менеджером', '', '8 (777) 777-77-77', 'Задний', 12, 0, 0),
(46, 0, 'Свердловская обл, г Екатеринбург', 'адрес 2', '01.08.2025', '', '', '', 'Задний', 12, 1, 0),
(47, 1, 'г Москва', 'Адрес', '30.07.2025 - 01.08.2025', 'Время согласовать с менеджером', '', '8 (777) 777-77-77', 'Задний', 12, 0, 1),
(48, 0, 'Свердловская обл, г Екатеринбург', 'адрес 2', '01.08.2025', '', '', '', 'Задний', 12, 1, 1),
(49, 1, 'г Москва', 'Адрес', '30.07.2025 - 01.08.2025', 'Время согласовать с менеджером', '', '8 (777) 777-77-77', 'Задний', 13, 0, 0),
(50, 0, 'Свердловская обл, г Екатеринбург', 'адрес 2', '01.08.2025', '', '', '', 'Задний', 13, 1, 0),
(51, 1, 'г Москва', 'Адрес', '30.07.2025 - 01.08.2025', 'Время согласовать с менеджером', '', '8 (777) 777-77-77', 'Задний', 13, 0, 1),
(52, 0, 'Свердловская обл, г Екатеринбург', 'адрес 2', '01.08.2025', '', '', '', 'Задний', 13, 1, 1),
(53, 1, 'г Москва', 'Адрес', '30.07.2025 - 01.08.2025', 'Время согласовать с менеджером', '', '8 (777) 777-77-77', 'Задний', 14, 0, 0),
(54, 0, 'Свердловская обл, г Екатеринбург', 'адрес 2', '01.08.2025', '', '', '', 'Задний', 14, 1, 0),
(55, 1, 'г Москва', 'Адрес', '30.07.2025 - 01.08.2025', 'Время согласовать с менеджером', '', '8 (777) 777-77-77', 'Задний', 14, 0, 1),
(56, 0, 'Свердловская обл, г Екатеринбург', 'адрес 2', '01.08.2025', '', '', '', 'Задний', 14, 1, 1),
(57, 1, 'г Москва', 'Адрес', '30.07.2025 - 01.08.2025', 'Время согласовать с менеджером', '', '8 (777) 777-77-77', 'Задний', 15, 0, 0),
(58, 0, 'Свердловская обл, г Екатеринбург', 'адрес 2', '01.08.2025', '', '', '', 'Задний', 15, 1, 0),
(59, 1, 'г Москва', 'Адрес', '30.07.2025 - 01.08.2025', 'Время согласовать с менеджером', '', '8 (777) 777-77-77', 'Задний', 15, 0, 1),
(60, 0, 'Свердловская обл, г Екатеринбург', 'адрес 2', '01.08.2025', '', '', '', 'Задний', 15, 1, 1),
(61, 1, 'г Москва', 'Адрес', '30.07.2025 - 01.08.2025', 'Время согласовать с менеджером', '', '8 (777) 777-77-77', 'Задний', 16, 0, 0),
(62, 0, 'Свердловская обл, г Екатеринбург', 'адрес 2', '01.08.2025', '', '', '', 'Задний', 16, 1, 0),
(63, 1, 'г Москва', 'Адрес', '30.07.2025 - 01.08.2025', 'Время согласовать с менеджером', '', '8 (777) 777-77-77', 'Задний', 16, 0, 1),
(64, 0, 'Свердловская обл, г Екатеринбург', 'адрес 2', '01.08.2025', '', '', '', 'Задний', 16, 1, 1),
(65, 1, 'г Москва', 'Адрес', '30.07.2025 - 01.08.2025', 'Время согласовать с менеджером', '', '8 (777) 777-77-77', 'Задний', 17, 0, 0),
(66, 0, 'Свердловская обл, г Екатеринбург', 'адрес 2', '01.08.2025', '', '', '', 'Задний', 17, 1, 0),
(67, 1, 'г Москва', 'Адрес', '30.07.2025 - 01.08.2025', 'Время согласовать с менеджером', '', '8 (777) 777-77-77', 'Задний', 17, 0, 1),
(68, 0, 'Свердловская обл, г Екатеринбург', 'адрес 2', '01.08.2025', '', '', '', 'Задний', 17, 1, 1),
(69, 1, 'г Москва', 'Адрес', '30.07.2025 - 01.08.2025', 'Время согласовать с менеджером', '', '8 (777) 777-77-77', 'Задний', 18, 0, 0),
(70, 0, 'Свердловская обл, г Екатеринбург', 'адрес 2', '01.08.2025', '', '', '', 'Задний', 18, 1, 0),
(71, 1, 'г Москва', 'Адрес', '30.07.2025 - 01.08.2025', 'Время согласовать с менеджером', '', '8 (777) 777-77-77', 'Задний', 18, 0, 1),
(72, 0, 'Свердловская обл, г Екатеринбург', 'адрес 2', '01.08.2025', '', '', '', 'Задний', 18, 1, 1),
(73, 1, 'г Москва', 'Адрес', '30.07.2025 - 01.08.2025', 'Время согласовать с менеджером', '', '8 (777) 777-77-77', 'Задний', 19, 0, 0),
(74, 0, 'Свердловская обл, г Екатеринбург', 'адрес 2', '01.08.2025', '', '', '', 'Задний', 19, 1, 0),
(75, 1, 'г Москва', 'Адрес', '30.07.2025 - 01.08.2025', 'Время согласовать с менеджером', '', '8 (777) 777-77-77', 'Задний', 19, 0, 1),
(76, 0, 'Свердловская обл, г Екатеринбург', 'адрес 2', '01.08.2025', '', '', '', 'Задний', 19, 1, 1),
(77, 1, 'г Москва', 'Адрес', '30.07.2025 - 01.08.2025', 'Время согласовать с менеджером', '', '8 (777) 777-77-77', 'Задний', 20, 0, 0),
(78, 0, 'Свердловская обл, г Екатеринбург', 'адрес 2', '01.08.2025', '', '', '', 'Задний', 20, 1, 0),
(79, 1, 'г Москва', 'Адрес', '30.07.2025 - 01.08.2025', 'Время согласовать с менеджером', '', '8 (777) 777-77-77', 'Задний', 20, 0, 1),
(80, 0, 'Свердловская обл, г Екатеринбург', 'адрес 2', '01.08.2025', '', '', '', 'Задний', 20, 1, 1),
(81, 1, 'г Москва', 'Адрес', '30.07.2025 - 01.08.2025', 'Время согласовать с менеджером', '', '8 (777) 777-77-77', 'Задний', 21, 0, 0),
(82, 0, 'Свердловская обл, г Екатеринбург', 'адрес 2', '01.08.2025', '', '', '', 'Задний', 21, 1, 0),
(83, 1, 'г Москва', 'Адрес', '30.07.2025 - 01.08.2025', 'Время согласовать с менеджером', '', '8 (777) 777-77-77', 'Задний', 21, 0, 1),
(84, 0, 'Свердловская обл, г Екатеринбург', 'адрес 2', '01.08.2025', '', '', '', 'Задний', 21, 1, 1),
(85, 1, 'г Москва', 'Адрес', '30.07.2025 - 01.08.2025', 'Время согласовать с менеджером', '', '8 (777) 777-77-77', 'Задний', 22, 0, 0),
(86, 0, 'Свердловская обл, г Екатеринбург', 'адрес 2', '01.08.2025', '', '', '', 'Задний', 22, 1, 0),
(87, 1, 'г Москва', 'Адрес', '30.07.2025 - 01.08.2025', 'Время согласовать с менеджером', '', '8 (777) 777-77-77', 'Задний', 22, 0, 1),
(88, 0, 'Свердловская обл, г Екатеринбург', 'адрес 2', '01.08.2025', '', '', '', 'Задний', 22, 1, 1),
(89, 1, 'г Москва', 'Адрес', '30.07.2025 - 01.08.2025', 'Время согласовать с менеджером', '', '8 (777) 777-77-77', 'Задний', 23, 0, 0),
(90, 0, 'Свердловская обл, г Екатеринбург', 'адрес 2', '01.08.2025', '', '', '', 'Задний', 23, 1, 0),
(91, 1, 'г Москва', 'Адрес', '30.07.2025 - 01.08.2025', 'Время согласовать с менеджером', '', '8 (777) 777-77-77', 'Задний', 23, 0, 1),
(92, 0, 'Свердловская обл, г Екатеринбург', 'адрес 2', '01.08.2025', '', '', '', 'Задний', 23, 1, 1),
(93, 1, 'г Москва', 'Адрес', '30.07.2025 - 01.08.2025', 'Время согласовать с менеджером', '', '8 (777) 777-77-77', 'Задний', 24, 0, 0),
(94, 0, 'Свердловская обл, г Екатеринбург', 'адрес 2', '01.08.2025', '', '', '', 'Задний', 24, 1, 0),
(95, 1, 'г Москва', 'Адрес', '30.07.2025 - 01.08.2025', 'Время согласовать с менеджером', '', '8 (777) 777-77-77', 'Задний', 24, 0, 1),
(96, 0, 'Свердловская обл, г Екатеринбург', 'адрес 2', '01.08.2025', '', '', '', 'Задний', 24, 1, 1),
(97, 1, 'г Москва', 'Адрес', '30.07.2025 - 01.08.2025', 'Время согласовать с менеджером', '', '8 (777) 777-77-77', 'Задний', 25, 0, 0),
(98, 0, 'Свердловская обл, г Екатеринбург', 'адрес 2', '01.08.2025', '', '', '', 'Задний', 25, 1, 0),
(99, 1, 'г Москва', 'Адрес', '30.07.2025 - 01.08.2025', 'Время согласовать с менеджером', '', '8 (777) 777-77-77', 'Задний', 25, 0, 1),
(100, 0, 'Свердловская обл, г Екатеринбург', 'адрес 2', '01.08.2025', '', '', '', 'Задний', 25, 1, 1),
(101, 1, 'г Москва', 'Адрес', '30.07.2025 - 01.08.2025', 'Время согласовать с менеджером', '', '8 (777) 777-77-77', 'Задний', 26, 0, 0),
(102, 0, 'Свердловская обл, г Екатеринбург', 'адрес 2', '01.08.2025', '', '', '', 'Задний', 26, 1, 0),
(103, 1, 'г Москва', 'Адрес', '30.07.2025 - 01.08.2025', 'Время согласовать с менеджером', '', '8 (777) 777-77-77', 'Задний', 26, 0, 1),
(104, 0, 'Свердловская обл, г Екатеринбург', 'адрес 2', '01.08.2025', '', '', '', 'Задний', 26, 1, 1),
(105, 1, 'г Москва', 'Адрес', '30.07.2025 - 01.08.2025', 'Время согласовать с менеджером', '', '8 (777) 777-77-77', 'Задний', 27, 0, 0),
(106, 0, 'Свердловская обл, г Екатеринбург', 'адрес 2', '01.08.2025', '', '', '', 'Задний', 27, 1, 0),
(107, 1, 'г Москва', 'Адрес', '30.07.2025 - 01.08.2025', 'Время согласовать с менеджером', '', '8 (777) 777-77-77', 'Задний', 27, 0, 1),
(108, 0, 'Свердловская обл, г Екатеринбург', 'адрес 2', '01.08.2025', '', '', '', 'Задний', 27, 1, 1),
(109, 1, 'г Москва', 'Адрес', '30.07.2025 - 01.08.2025', 'Время согласовать с менеджером', '', '8 (777) 777-77-77', 'Задний', 28, 0, 0),
(110, 0, 'Свердловская обл, г Екатеринбург', 'адрес 2', '01.08.2025', '', '', '', 'Задний', 28, 1, 0),
(111, 1, 'г Москва', 'Адрес', '30.07.2025 - 01.08.2025', 'Время согласовать с менеджером', '', '8 (777) 777-77-77', 'Задний', 28, 0, 1),
(112, 0, 'Свердловская обл, г Екатеринбург', 'адрес 2', '01.08.2025', '', '', '', 'Задний', 28, 1, 1),
(113, 1, 'г Москва', 'Адрес', '30.07.2025 - 01.08.2025', 'Время согласовать с менеджером', '', '8 (777) 777-77-77', 'Задний', 29, 0, 0),
(114, 0, 'Свердловская обл, г Екатеринбург', 'адрес 2', '01.08.2025', '', '', '', 'Задний', 29, 1, 0),
(115, 1, 'г Москва', 'Адрес', '30.07.2025 - 01.08.2025', 'Время согласовать с менеджером', '', '8 (777) 777-77-77', 'Задний', 29, 0, 1),
(116, 0, 'Свердловская обл, г Екатеринбург', 'адрес 2', '01.08.2025', '', '', '', 'Задний', 29, 1, 1),
(117, 1, 'г Москва', 'Адрес', '30.07.2025 - 01.08.2025', 'Время согласовать с менеджером', '', '8 (777) 777-77-77', 'Задний', 30, 0, 0),
(118, 0, 'Свердловская обл, г Екатеринбург', 'адрес 2', '01.08.2025', '', '', '', 'Задний', 30, 1, 0),
(119, 1, 'г Москва', 'Адрес', '30.07.2025 - 01.08.2025', 'Время согласовать с менеджером', '', '8 (777) 777-77-77', 'Задний', 30, 0, 1),
(120, 0, 'Свердловская обл, г Екатеринбург', 'адрес 2', '01.08.2025', '', '', '', 'Задний', 30, 1, 1),
(121, 1, 'г Москва', 'Адрес', '30.07.2025 - 01.08.2025', 'Время согласовать с менеджером', '', '8 (777) 777-77-77', 'Задний', 31, 0, 0),
(122, 0, 'Свердловская обл, г Екатеринбург', 'адрес 2', '01.08.2025', '', '', '', 'Задний', 31, 1, 0),
(123, 1, 'г Москва', 'Адрес', '30.07.2025 - 01.08.2025', 'Время согласовать с менеджером', '', '8 (777) 777-77-77', 'Задний', 31, 0, 1),
(124, 0, 'Свердловская обл, г Екатеринбург', 'адрес 2', '01.08.2025', '', '', '', 'Задний', 31, 1, 1),
(133, 1, 'г Москва', 'Адрес', '30.07.2025 - 01.08.2025', 'Время согласовать с менеджером', '', '8 (777) 777-77-77', 'Задний', 8, 0, 0),
(134, 0, 'Свердловская обл, г Екатеринбург', 'адрес 2', '01.08.2025', '', '', '', 'Задний', 8, 1, 0),
(135, 1, 'г Москва', 'Адрес', '30.07.2025 - 01.08.2025', 'Время согласовать с менеджером', '', '8 (777) 777-77-77', 'Задний', 8, 0, 1),
(136, 0, 'Свердловская обл, г Екатеринбург', 'адрес 2', '01.08.2025', '', '', '', 'Задний', 8, 1, 1),
(137, 1, 'г Москва', 'Адрес', '30.07.2025 - 01.08.2025', 'Время согласовать с менеджером', '', '8 (777) 777-77-77', 'Задний', 32, 0, 0),
(138, 0, 'Свердловская обл, г Екатеринбург', 'адрес 2', '01.08.2025', '', '', '', 'Задний', 32, 1, 0),
(139, 1, 'г Москва', 'Адрес', '30.07.2025 - 01.08.2025', 'Время согласовать с менеджером', '', '8 (777) 777-77-77', 'Задний', 32, 0, 1),
(140, 0, 'Свердловская обл, г Екатеринбург', 'адрес 2', '01.08.2025', '', '', '', 'Задний', 32, 1, 1),
(141, 0, 'Свердловская обл, г.о. Екатеринбург', 'ул 9 Января, д 233/32', '23.10.2025 - 26.10.2025', '', '', '', 'Задний', 33, 0, 0),
(142, 1, 'г Москва', 'ПРоспект Ленина 1', '23.10.2025 - 25.10.2025', 'Время согласовать с менеджером', 'Тестовое лица', '8 (777) 777-77-77', 'Задний', 33, 1, 0),
(143, 0, 'Свердловская обл, г.о. Екатеринбург', 'ул 9 Января, д 233/32', '23.10.2025 - 26.10.2025', '', '', '', 'Задний', 33, 0, 1),
(144, 1, 'г Москва', 'ПРоспект Ленина 1', '23.10.2025 - 25.10.2025', 'Время согласовать с менеджером', 'Тестовое лица', '8 (777) 777-77-77', 'Задний', 33, 1, 1),
(145, 0, 'Свердловская обл, г.о. Екатеринбург', 'ул 9 Января, д 233/32', '23.10.2025 - 26.10.2025', '', '', '', 'Задний', 34, 0, 0),
(146, 1, 'г Москва', 'ПРоспект Ленина 1', '23.10.2025 - 25.10.2025', 'Время согласовать с менеджером', 'Тестовое лица', '8 (777) 777-77-77', 'Задний', 34, 1, 0),
(147, 0, 'Свердловская обл, г.о. Екатеринбург', 'ул 9 Января, д 233/32', '23.10.2025 - 26.10.2025', '', '', '', 'Задний', 34, 0, 1),
(148, 1, 'г Москва', 'ПРоспект Ленина 1', '23.10.2025 - 25.10.2025', 'Время согласовать с менеджером', 'Тестовое лица', '8 (777) 777-77-77', 'Задний', 34, 1, 1),
(149, 0, 'Свердловская обл, г.о. Екатеринбург', 'ул 9 Января, д 233/32', '23.10.2025 - 26.10.2025', '', '', '', 'Задний', 35, 0, 0),
(150, 1, 'г Москва', 'ПРоспект Ленина 1', '23.10.2025 - 25.10.2025', 'Время согласовать с менеджером', 'Тестовое лица', '8 (777) 777-77-77', 'Задний', 35, 1, 0),
(151, 0, 'Свердловская обл, г.о. Екатеринбург', 'ул 9 Января, д 233/32', '23.10.2025 - 26.10.2025', '', '', '', 'Задний', 35, 0, 1),
(152, 1, 'г Москва', 'ПРоспект Ленина 1', '23.10.2025 - 25.10.2025', 'Время согласовать с менеджером', 'Тестовое лица', '8 (777) 777-77-77', 'Задний', 35, 1, 1),
(153, 0, 'Свердловская обл, г.о. Екатеринбург', 'ул 9 Января, д 233/32', '23.10.2025 - 26.10.2025', '', '', '', 'Задний', 36, 0, 0),
(154, 1, 'г Москва', 'ПРоспект Ленина 1', '23.10.2025 - 25.10.2025', 'Время согласовать с менеджером', 'Тестовое лица', '8 (777) 777-77-77', 'Задний', 36, 1, 0),
(155, 0, 'Свердловская обл, г.о. Екатеринбург', 'ул 9 Января, д 233/32', '23.10.2025 - 26.10.2025', '', '', '', 'Задний', 36, 0, 1),
(156, 1, 'г Москва', 'ПРоспект Ленина 1', '23.10.2025 - 25.10.2025', 'Время согласовать с менеджером', 'Тестовое лица', '8 (777) 777-77-77', 'Задний', 36, 1, 1),
(157, 0, 'Свердловская обл, г.о. Екатеринбург', 'ул 9 Января, д 233/32', '23.10.2025 - 26.10.2025', '', '', '', 'Задний', 37, 0, 0),
(158, 1, 'г Москва', 'ПРоспект Ленина 1', '23.10.2025 - 25.10.2025', 'Время согласовать с менеджером', 'Тестовое лица', '8 (777) 777-77-77', 'Задний', 37, 1, 0),
(159, 0, 'Свердловская обл, г.о. Екатеринбург', 'ул 9 Января, д 233/32', '23.10.2025 - 26.10.2025', '', '', '', 'Задний', 37, 0, 1),
(160, 1, 'г Москва', 'ПРоспект Ленина 1', '23.10.2025 - 25.10.2025', 'Время согласовать с менеджером', 'Тестовое лица', '8 (777) 777-77-77', 'Задний', 37, 1, 1);

-- --------------------------------------------------------

--
-- Структура таблицы `routes_ts`
--

CREATE TABLE `routes_ts` (
  `id` int NOT NULL,
  `direction` tinyint NOT NULL COMMENT '0 - Куда\r\n1 - Откуда',
  `city` text NOT NULL,
  `address` text CHARACTER SET utf8mb4 COLLATE utf8mb4_0900_ai_ci NOT NULL,
  `date` varchar(100) NOT NULL,
  `time` varchar(100) NOT NULL,
  `contact` varchar(255) DEFAULT NULL,
  `phone` varchar(120) DEFAULT NULL,
  `loading_method` varchar(255) NOT NULL,
  `id_application` int NOT NULL,
  `sort` int NOT NULL,
  `type_for` int NOT NULL DEFAULT '0'
) ENGINE=InnoDB DEFAULT CHARSET=utf8mb4 COLLATE=utf8mb4_0900_ai_ci;

-- --------------------------------------------------------

--
-- Структура таблицы `salary`
--

CREATE TABLE `salary` (
  `id` int NOT NULL,
  `salary` float NOT NULL,
  `advance` float NOT NULL,
  `official5` float NOT NULL,
  `official20` float NOT NULL,
  `fines` float NOT NULL,
  `dop` float NOT NULL DEFAULT '0',
  `date_start` date NOT NULL,
  `date_end` date NOT NULL,
  `closed_applications` text NOT NULL,
  `subordinates_closed_applications` text,
  `closed_prr_applications` text NOT NULL,
  `id_user` int NOT NULL,
  `status` tinyint NOT NULL DEFAULT '0' COMMENT '0 - активная (значит ещё изменяется)\r\n1 - закрытая (остается без именений)'
) ENGINE=InnoDB DEFAULT CHARSET=utf8mb4 COLLATE=utf8mb4_0900_ai_ci;

--
-- Дамп данных таблицы `salary`
--

INSERT INTO `salary` (`id`, `salary`, `advance`, `official5`, `official20`, `fines`, `dop`, `date_start`, `date_end`, `closed_applications`, `subordinates_closed_applications`, `closed_prr_applications`, `id_user`, `status`) VALUES
(1, 0, 0, 0, 0, 0, 0, '2024-12-20', '2025-01-19', '', '', '', 2, 0),
(2, 0, 0, 0, 0, 0, 0, '2025-01-20', '2025-02-19', '', '', '', 2, 0),
(3, 0, 0, 0, 0, 0, 0, '2025-02-20', '2025-03-19', '', '', '', 2, 0),
(4, 0, 0, 0, 0, 0, 0, '2025-03-20', '2025-04-19', '', '', '', 2, 0),
(5, 0, 0, 0, 0, 0, 0, '2025-04-20', '2025-05-19', '', '', '', 2, 0),
(6, 0, 0, 0, 0, 0, 0, '2025-05-20', '2025-06-19', '', '', '', 2, 0),
(7, 0, 0, 0, 0, 0, 0, '2025-06-20', '2025-07-19', '', '', '', 2, 0),
(8, 0, 0, 0, 0, 0, 0, '2025-07-20', '2025-08-19', '', '', '', 2, 0),
(9, 0, 0, 0, 0, 0, 0, '2025-08-20', '2025-09-19', '', '', '', 2, 0),
(10, 0, 0, 0, 0, 0, 0, '2025-09-20', '2025-10-19', '', '', '', 2, 0),
(11, 0, 0, 0, 0, 0, 0, '2025-10-20', '2025-11-19', '', '', '', 2, 0),
(12, 0, 0, 0, 0, 0, 0, '2025-11-20', '2025-12-19', '', '', '', 2, 0),
(13, 0, 0, 0, 0, 0, 0, '2024-12-20', '2025-01-19', '', '', '', 55, 0),
(14, 0, 0, 0, 0, 0, 0, '2025-01-20', '2025-02-19', '', '', '', 55, 0),
(15, 0, 0, 0, 0, 0, 0, '2025-02-20', '2025-03-19', '', '', '', 55, 0),
(16, 0, 0, 0, 0, 0, 0, '2025-03-20', '2025-04-19', '', '', '', 55, 0),
(17, 0, 0, 0, 0, 0, 0, '2025-04-20', '2025-05-19', '', '', '', 55, 0),
(18, 0, 0, 0, 0, 0, 0, '2025-05-20', '2025-06-19', '', '', '', 55, 0),
(19, 0, 0, 0, 0, 0, 0, '2025-06-20', '2025-07-19', '', '', '', 55, 0),
(20, 50156.2, 0, 0, 0, 0, 0, '2025-07-20', '2025-08-19', '|1032|,|1009|,|1008|,', '', '', 55, 0),
(21, 0, 0, 0, 0, 0, 0, '2025-08-20', '2025-09-19', '', '', '', 55, 0),
(22, 0, 0, 0, 0, 0, 0, '2025-09-20', '2025-10-19', '', '', '', 55, 0),
(23, 0, 0, 0, 0, 0, 0, '2025-10-20', '2025-11-19', '', '', '', 55, 0),
(24, 0, 0, 0, 0, 0, 0, '2025-11-20', '2025-12-19', '', '', '', 55, 0),
(25, 0, 0, 0, 0, 0, 0, '2024-12-20', '2025-01-19', '', '', '', 56, 0),
(26, 0, 0, 0, 0, 0, 0, '2025-01-20', '2025-02-19', '', '', '', 56, 0),
(27, 0, 0, 0, 0, 0, 0, '2025-02-20', '2025-03-19', '', '', '', 56, 0),
(28, 0, 0, 0, 0, 0, 0, '2025-03-20', '2025-04-19', '', '', '', 56, 0),
(29, 0, 0, 0, 0, 0, 0, '2025-04-20', '2025-05-19', '', '', '', 56, 0),
(30, 0, 0, 0, 0, 0, 0, '2025-05-20', '2025-06-19', '', '', '', 56, 0),
(31, 0, 0, 0, 0, 0, 0, '2025-06-20', '2025-07-19', '', '', '', 56, 0),
(32, 30000, 0, 0, 0, 0, 0, '2025-07-20', '2025-08-19', '', '', '', 56, 0),
(33, 0, 0, 0, 0, 0, 0, '2025-08-20', '2025-09-19', '', '', '', 56, 0),
(34, 0, 0, 0, 0, 0, 0, '2025-09-20', '2025-10-19', '', '', '', 56, 0),
(35, 0, 0, 0, 0, 0, 0, '2025-10-20', '2025-11-19', '', '', '', 56, 0),
(36, 0, 0, 0, 0, 0, 0, '2025-11-20', '2025-12-19', '', '', '', 56, 0),
(37, 0, 0, 0, 0, 0, 0, '2024-12-20', '2025-01-19', '', '', '', 57, 0),
(38, 0, 0, 0, 0, 0, 0, '2025-01-20', '2025-02-19', '', '', '', 57, 0),
(39, 0, 0, 0, 0, 0, 0, '2025-02-20', '2025-03-19', '', '', '', 57, 0),
(40, 0, 0, 0, 0, 0, 0, '2025-03-20', '2025-04-19', '', '', '', 57, 0),
(41, 0, 0, 0, 0, 0, 0, '2025-04-20', '2025-05-19', '', '', '', 57, 0),
(42, 0, 0, 0, 0, 0, 0, '2025-05-20', '2025-06-19', '', '', '', 57, 0),
(43, 0, 0, 0, 0, 0, 0, '2025-06-20', '2025-07-19', '', '', '', 57, 0),
(44, 30000, 0, 0, 0, 0, 0, '2025-07-20', '2025-08-19', '', '', '', 57, 0),
(45, 0, 0, 0, 0, 0, 0, '2025-08-20', '2025-09-19', '', '', '', 57, 0),
(46, 0, 0, 0, 0, 0, 0, '2025-09-20', '2025-10-19', '', '', '', 57, 0),
(47, 21164.2, 0, 0, 0, 0, 0, '2025-10-20', '2025-11-19', '|1002|,', '', '', 57, 0),
(48, 0, 0, 0, 0, 0, 0, '2025-11-20', '2025-12-19', '', '', '', 57, 0),
(49, 0, 0, 0, 0, 0, 0, '2026-01-01', '2026-01-31', '', '', '', 2, 0),
(50, 0, 0, 0, 0, 0, 0, '2026-02-01', '2026-02-28', '', '', '', 2, 0),
(51, 0, 0, 0, 0, 0, 0, '2026-03-01', '2026-03-31', '', '', '', 2, 0),
(52, 0, 0, 0, 0, 0, 0, '2026-04-01', '2026-04-30', '', '', '', 2, 0),
(53, 0, 0, 0, 0, 0, 0, '2026-05-01', '2026-05-31', '', '', '', 2, 0),
(54, 0, 0, 0, 0, 0, 0, '2026-06-01', '2026-06-30', '', '', '', 2, 0),
(55, 0, 0, 0, 0, 0, 0, '2026-07-01', '2026-07-31', '', '', '', 2, 0),
(56, 0, 0, 0, 0, 0, 0, '2026-08-01', '2026-08-31', '', '', '', 2, 0),
(57, 0, 0, 0, 0, 0, 0, '2026-09-01', '2026-09-30', '', '', '', 2, 0),
(58, 0, 0, 0, 0, 0, 0, '2026-10-01', '2026-10-31', '', '', '', 2, 0),
(59, 0, 0, 0, 0, 0, 0, '2026-11-01', '2026-11-30', '', '', '', 2, 0),
(60, 0, 0, 0, 0, 0, 0, '2026-12-01', '2026-12-31', '', '', '', 2, 0);

-- --------------------------------------------------------

--
-- Структура таблицы `salary_user_settings`
--

CREATE TABLE `salary_user_settings` (
  `id` int NOT NULL,
  `id_user` int NOT NULL,
  `id_salary` int NOT NULL DEFAULT '2',
  `fix_salary` float NOT NULL DEFAULT '20000',
  `additional_salary` float NOT NULL DEFAULT '0',
  `percent_client` float NOT NULL DEFAULT '0',
  `percent_sales_client_first` float NOT NULL DEFAULT '0' COMMENT 'проценты для логиста если клиент от отдела продаж, в первые 3 месяца',
  `percent_sales_client_second` float NOT NULL DEFAULT '0' COMMENT 'проценты для логиста если клиент от отдела продаж, после 3 месяцев',
  `percent_rop` float NOT NULL DEFAULT '0',
  `date_start` date DEFAULT NULL,
  `date_end` date DEFAULT NULL
) ENGINE=InnoDB DEFAULT CHARSET=utf8mb4 COLLATE=utf8mb4_0900_ai_ci;

--
-- Дамп данных таблицы `salary_user_settings`
--

INSERT INTO `salary_user_settings` (`id`, `id_user`, `id_salary`, `fix_salary`, `additional_salary`, `percent_client`, `percent_sales_client_first`, `percent_sales_client_second`, `percent_rop`, `date_start`, `date_end`) VALUES
(1, 19, 1, 20000, 0, 25, 15, 20, 0, '2025-11-01', '2025-11-30'),
(2, 40, 1, 20000, 0, 25, 15, 20, 0, '2025-11-01', '2025-11-30'),
(3, 44, 1, 20000, 0, 25, 15, 20, 0, '2025-11-01', '2025-11-30'),
(4, 51, 1, 20000, 0, 25, 15, 20, 0, '2025-11-01', '2025-11-30'),
(5, 31, 1, 50000, 0, 30, 20, 25, 0, '2025-11-01', '2025-11-30'),
(6, 17, 1, 50000, 0, 30, 15, 20, 0, '2025-11-01', '2025-11-30'),
(7, 3, 1, 50000, 0, 30, 15, 20, 0, '2025-11-01', '2025-11-30'),
(8, 55, 1, 70000, 25000, 0, 15, 0, 0, '2025-11-01', '2025-11-30'),
(9, 20, 1, 100000, 0, 0, 0, 0, 0, '2025-11-01', '2025-11-30'),
(10, 56, 1, 40000, 0, 0, 0, 0, 0, '2025-11-01', '2025-11-30'),
(11, 19, 2, 20000, 0, 25, 15, 20, 0, '2025-12-01', '2025-12-31'),
(12, 40, 2, 20000, 0, 25, 15, 20, 0, '2025-12-01', '2025-12-31'),
(13, 44, 2, 20000, 0, 25, 15, 20, 0, '2025-12-01', '2025-12-31'),
(14, 51, 2, 0, 0, 25, 15, 20, 0, '2025-12-01', '2025-12-31'),
(15, 31, 2, 50000, 0, 30, 20, 25, 0, '2025-12-01', '2025-12-31'),
(16, 17, 2, 50000, 0, 30, 15, 20, 0, '2025-12-01', '2025-12-31'),
(17, 3, 2, 30000, 0, 30, 15, 20, 0, '2025-12-01', '2025-12-31'),
(18, 55, 2, 70000, 0, 0, 15, 0, 0, '2025-12-01', '2025-12-31'),
(19, 20, 2, 100000, 0, 0, 0, 0, 0, '2025-12-01', '2025-12-31'),
(20, 56, 2, 40000, 0, 0, 0, 0, 0, '2025-12-01', '2025-12-31'),
(21, 19, 2, 20000, 0, 25, 15, 20, 0, '2026-01-01', '2026-01-31'),
(22, 40, 2, 20000, 0, 25, 15, 20, 0, '2026-01-01', '2026-01-31'),
(23, 44, 2, 20000, 0, 25, 15, 20, 0, '2026-01-01', '2026-01-31'),
(24, 51, 2, 0, 0, 25, 15, 20, 0, '2026-01-01', '2026-01-31'),
(25, 31, 2, 50000, 0, 30, 20, 25, 0, '2026-01-01', '2026-01-31'),
(26, 56, 2, 50000, 0, 30, 15, 20, 0, '2026-01-01', '2026-01-31'),
(27, 57, 2, 50000, 0, 30, 15, 20, 0, '2026-01-01', '2026-01-31'),
(28, 55, 2, 70000, 5000, 0, 15, 0, 0, '2026-01-01', '2026-01-31'),
(29, 58, 2, 100000, 0, 0, 0, 0, 0, '2026-01-01', '2026-01-31'),
(30, 59, 2, 40000, 0, 0, 0, 0, 0, '2026-01-01', '2026-01-31');

-- --------------------------------------------------------

--
-- Структура таблицы `setting_calculator`
--

CREATE TABLE `setting_calculator` (
  `id` int NOT NULL,
  `name` varchar(255) NOT NULL
) ENGINE=InnoDB DEFAULT CHARSET=utf8mb4 COLLATE=utf8mb4_0900_ai_ci;

-- --------------------------------------------------------

--
-- Структура таблицы `tasks`
--

CREATE TABLE `tasks` (
  `id` int NOT NULL,
  `name` varchar(255) CHARACTER SET utf8mb4 COLLATE utf8mb4_unicode_ci NOT NULL,
  `create_datetime` datetime NOT NULL,
  `deadline` datetime NOT NULL,
  `date_completion` varchar(255) CHARACTER SET utf8mb4 COLLATE utf8mb4_unicode_ci NOT NULL,
  `comment` text CHARACTER SET utf8mb4 COLLATE utf8mb4_unicode_ci NOT NULL,
  `executor_id` int NOT NULL,
  `status` int NOT NULL,
  `application_id` int NOT NULL
) ENGINE=InnoDB DEFAULT CHARSET=utf8mb4 COLLATE=utf8mb4_unicode_ci;

--
-- Дамп данных таблицы `tasks`
--

INSERT INTO `tasks` (`id`, `name`, `create_datetime`, `deadline`, `date_completion`, `comment`, `executor_id`, `status`, `application_id`) VALUES
(1, 'Выставить счет', '2025-08-10 12:16:24', '2025-08-10 12:16:24', 'No', 'Заявка № 1032 <br> ПРОСЬБА ВЫСТАВИТЬ СЧЕТ ООО:<br>Лучший клиент<br>\n            150.000 С НДС<br><br>\n            Иванов Петр Михайлович, a/м ГАЗ, Р 521 ЛА / 22,\n             загрузка 30.07.2025 - 01.08.2025.<br>Маршрут: г Москва - Свердловская обл, г Екатеринбург', 1, 0, 32);

-- --------------------------------------------------------

--
-- Структура таблицы `terms_payment`
--

CREATE TABLE `terms_payment` (
  `id` int NOT NULL,
  `name` varchar(500) NOT NULL,
  `description` text NOT NULL,
  `type_for` tinyint NOT NULL COMMENT '0 - Перевозчик\r\n1 - Клиент',
  `type_taxation` varchar(20) NOT NULL
) ENGINE=InnoDB DEFAULT CHARSET=utf8mb4 COLLATE=utf8mb4_0900_ai_ci;

--
-- Дамп данных таблицы `terms_payment`
--

INSERT INTO `terms_payment` (`id`, `name`, `description`, `type_for`, `type_taxation`) VALUES
(1, 'Оплата на р/с Б/НДС. По факту выгрузки ТС и оригиналам документов 1-10 банковских дней.', '<p>Оплата на р/с Б/НДС.<br>По факту выгрузки ТС и оригиналам документов 1-10<br>банковских дней.</p>', 1, 'Б/НДС'),
(2, 'Оплата на р/с Б/НДС. По факту выгрузки ТС и оригиналам документов 1-7 банковских дней.', '<p>Оплата на р/с Б/НДС.<br>По факту выгрузки ТС и оригиналам документов 1-7<br>банковских дней.</p>', 1, 'Б/НДС'),
(3, 'Оплата на р/с Б/НДС. По факту выгрузки ТС и оригиналам документов 1-5 банковских дней.', '<p>Оплата на р/с Б/НДС.<br>По факту выгрузки ТС и оригиналам документов 1-5<br>банковских дней.</p>', 1, 'Б/НДС'),
(4, 'Оплата на р/с Б/НДС. По факту выгрузки ТС и оригиналам документов 1-3 банковских дней.', '<p>Оплата на р/с Б/НДС.<br>По факту выгрузки ТС и оригиналам документов 1-3<br>банковских дней.</p>', 1, 'Б/НДС'),
(5, 'Оплата на р/с Б/НДС. По факту выгрузки ТС и сканам документов 1-10 банковских дней.', '<p>Оплата на р/с Б/НДС.<br>По факту выгрузки ТС и сканам документов 1-10<br>банковских дней.</p>', 1, 'Б/НДС'),
(6, 'Оплата на р/с Б/НДС. По факту выгрузки ТС и сканам документов 1-7 банковских дней.', '<p>Оплата на р/с Б/НДС.<br>По факту выгрузки ТС и сканам документов 1-7<br>банковских дней.</p>', 1, 'Б/НДС'),
(7, 'Оплата на р/с Б/НДС. По факту выгрузки ТС и сканам документов 1-5 банковских дней.', '<p>Оплата на р/с Б/НДС.<br>По факту выгрузки ТС и сканам документов 1-5<br>банковских дней.</p>', 1, 'Б/НДС'),
(8, 'Оплата на р/с Б/НДС.  По факту выгрузки ТС и сканам документов 1-3 банковских дней.', '<p>Оплата на р/с Б/НДС.<br>По факту выгрузки ТС и сканам документов 1-3<br>банковских дней.</p>', 1, 'Б/НДС'),
(18, 'Оплата на р/с с НДС. По факту выгрузки ТС и оригиналам документов 1-10 банковских дней.', '<p>Оплата на р/с с НДС.<br>По факту выгрузки ТС и оригиналам<br>документов 1-10 банковских дней.</p>', 1, 'С НДС'),
(19, 'Оплата на р/с с НДС. По факту выгрузки ТС и оригиналам документов 1-7 банковских дней.', '<p>Оплата на р/с с НДС.<br>По факту выгрузки ТС и оригиналам<br>документов 1-7 банковских дней.</p>', 1, 'С НДС'),
(20, 'Оплата на р/с с НДС. По факту выгрузки ТС и оригиналам документов 1-5 банковских дней.', '<p>Оплата на р/с с НДС.<br>По факту выгрузки ТС и оригиналам<br>документов 1-5 банковских дней.</p>', 1, 'С НДС'),
(21, 'Оплата на р/с с НДС. По факту выгрузки ТС и оригиналам документов 1-3 банковских дней.', '<p>Оплата на р/с с НДС.<br>По факту выгрузки ТС и оригиналам<br>документов 1-3 банковских дней.</p>', 1, 'С НДС'),
(22, 'Оплата на р/с с НДС. По факту выгрузки ТС и сканам документов 1-10 банковских дней.', '<p>Оплата на р/с с НДС.<br>По факту выгрузки ТС и сканам документов 1-10<br>банковских дней.</p>', 1, 'С НДС'),
(23, 'Оплата на р/с с НДС. По факту выгрузки ТС и сканам документов 1-7 банковских дней.', '<p>Оплата на р/с с НДС.<br>По факту выгрузки ТС и сканам документов 1-7<br>банковских дней.</p>', 1, 'С НДС'),
(24, 'Оплата на р/с с НДС. По факту выгрузки ТС и сканам документов 1-5 банковских дней.', '<p>Оплата на р/с с НДС.<br>По факту выгрузки ТС и сканам документов 1-5<br>банковских дней.</p>', 1, 'С НДС'),
(25, 'Оплата на р/с с НДС. По факту выгрузки ТС и сканам документов 1-3 банковских дней.', '<p>Оплата на р/с с НДС.<br>По факту выгрузки ТС и сканам документов 1-3<br>банковских дней.</p>', 1, 'С НДС'),
(38, ' ', ' ', 0, 'Б/НДС'),
(39, ' ', ' ', 0, 'С НДС'),
(40, 'Оплата на р/с С НДС в течение 4-11 БД по оригиналам', '<p>Оплата на р/с С НДС в течение 4-11 БД по оригиналам: договор-заявка, закрывающие (Счет, акт, УПД, С/Ф) и сопроводительные документы (ТТН, ТрН и др.)</p>', 0, 'С НДС'),
(41, 'Оплата на р/с Б/НДС в течение 4-11 БД по оригиналам', '<p>Оплата на р/с Б/НДС в течение 4-11 БД по оригиналам: договор-заявка, закрывающие (Счет, акт, УПД, С/Ф) и сопроводительные документы (ТТН, ТрН и др.)</p>', 0, 'Б/НДС'),
(42, ' ', ' ', 0, 'НДС 0%'),
(43, 'Оплата на р/с С НДС 0% в течение 4-11 БД по оригиналам', '<p>Оплата на р/с С НДС 0% в течение 4-11 БД по оригиналам: договор-заявка, закрывающие (Счет, акт, УПД, С/Ф) и сопроводительные документы (ТТН, ТрН и др.)</p>', 0, 'НДС 0%'),
(44, 'Оплата на р/с с НДС 0%. По факту выгрузки ТС и сканам документов 1-3 банковских дней.', '<p>Оплата на р/с с НДС 0%.<br>По факту выгрузки ТС и сканам документов 1-3<br>банковских дней.</p>', 1, 'НДС 0%'),
(45, 'Оплата на р/с с НДС 0%. По факту выгрузки ТС и сканам документов 1-5 банковских дней.', '<p>Оплата на р/с с НДС 0%.<br>По факту выгрузки ТС и сканам документов 1-5<br>банковских дней.</p>', 1, 'НДС 0%'),
(46, 'Оплата на р/с с НДС 0%. По факту выгрузки ТС и сканам документов 1-7 банковских дней.', '<p>Оплата на р/с с НДС 0%.<br>По факту выгрузки ТС и сканам документов 1-7<br>банковских дней.</p>', 1, 'НДС 0%'),
(47, 'Оплата на р/с с НДС 0%. По факту выгрузки ТС и сканам документов 1-10 банковских дней.', '<p>Оплата на р/с с НДС 0%.<br>По факту выгрузки ТС и сканам документов 1-10<br>банковских дней.</p>', 1, 'НДС 0%'),
(48, 'Оплата на р/с с НДС 0%. По факту выгрузки ТС и оригиналам документов 1-10 банковских дней.', '<p>Оплата на р/с с НДС 0%.<br>По факту выгрузки ТС и оригиналам<br>документов 1-10 банковских дней.</p>', 1, 'НДС 0%'),
(49, 'Оплата на р/с с НДС 0%. По факту выгрузки ТС и оригиналам документов 1-7 банковских дней.', '<p>Оплата на р/с с НДС 0%.<br>По факту выгрузки ТС и оригиналам<br>документов 1-7 банковских дней.</p>', 1, 'НДС 0%'),
(50, 'Оплата на р/с с НДС 0%. По факту выгрузки ТС и оригиналам документов 1-5 банковских дней.', '<p>Оплата на р/с с НДС 0%.<br>По факту выгрузки ТС и оригиналам<br>документов 1-5 банковских дней.</p>', 1, 'НДС 0%'),
(51, 'Оплата на р/с с НДС 0%. По факту выгрузки ТС и оригиналам документов 1-3 банковских дней.', '<p>Оплата на р/с с НДС 0%.<br>По факту выгрузки ТС и оригиналам<br>документов 1-3 банковских дней.</p>', 1, 'НДС 0%');

-- --------------------------------------------------------

--
-- Структура таблицы `ts_application`
--

CREATE TABLE `ts_application` (
  `id` int NOT NULL,
  `date` datetime NOT NULL,
  `application_number` varchar(120) NOT NULL,
  `application_number_forwarder` varchar(255) DEFAULT NULL,
  `nature_cargo` text NOT NULL,
  `id_customer` int NOT NULL,
  `id_forwarder` int NOT NULL,
  `place` varchar(255) NOT NULL,
  `weight` varchar(255) NOT NULL,
  `ref_mode` varchar(255) NOT NULL,
  `special_conditions` text NOT NULL,
  `terms_payment` text NOT NULL,
  `transportation_cost` double NOT NULL,
  `taxation_type` varchar(255) NOT NULL,
  `cost_cargo` double DEFAULT NULL,
  `id_driver` int NOT NULL,
  `car_brand` varchar(255) NOT NULL,
  `government_number` varchar(255) NOT NULL,
  `semitrailer` varchar(255) NOT NULL,
  `type_transport` varchar(255) NOT NULL,
  `type_carcase` varchar(255) NOT NULL,
  `application_section` tinyint NOT NULL,
  `id_user` int NOT NULL,
  `application_section_journal` tinyint NOT NULL DEFAULT '1',
  `application_status_journal` varchar(120) NOT NULL DEFAULT 'Е.Н.П',
  `application_status` varchar(255) NOT NULL DEFAULT 'В работе',
  `account_number` varchar(255) CHARACTER SET utf8mb4 COLLATE utf8mb4_0900_ai_ci DEFAULT NULL,
  `upd_number` varchar(255) CHARACTER SET utf8mb4 COLLATE utf8mb4_0900_ai_ci DEFAULT NULL,
  `actual_payment` float NOT NULL DEFAULT '0',
  `full_payment_date` datetime DEFAULT NULL,
  `application_date_actual_unloading` date DEFAULT NULL,
  `application_closed_date` date DEFAULT NULL,
  `application_closed_document_date` date DEFAULT NULL,
  `account_status` tinyint NOT NULL DEFAULT '0',
  `cancelled` tinyint NOT NULL DEFAULT '0'
) ENGINE=InnoDB DEFAULT CHARSET=utf8mb4 COLLATE=utf8mb4_0900_ai_ci;

-- --------------------------------------------------------

--
-- Структура таблицы `ts_application_document_comment`
--

CREATE TABLE `ts_application_document_comment` (
  `id` int NOT NULL,
  `name` varchar(255) NOT NULL,
  `comment` text NOT NULL,
  `id_application` int NOT NULL,
  `id_user` int NOT NULL,
  `num_document` varchar(120) NOT NULL,
  `datetime` datetime NOT NULL
) ENGINE=InnoDB DEFAULT CHARSET=utf8mb4 COLLATE=utf8mb4_0900_ai_ci;

-- --------------------------------------------------------

--
-- Структура таблицы `ts_application_document_comment_history`
--

CREATE TABLE `ts_application_document_comment_history` (
  `id` int NOT NULL,
  `name` varchar(255) NOT NULL,
  `comment` text NOT NULL,
  `id_application` int NOT NULL,
  `id_user` int NOT NULL,
  `num_document` int NOT NULL,
  `datetime` datetime NOT NULL
) ENGINE=InnoDB DEFAULT CHARSET=utf8mb4 COLLATE=utf8mb4_0900_ai_ci;

-- --------------------------------------------------------

--
-- Структура таблицы `ts_comments_application`
--

CREATE TABLE `ts_comments_application` (
  `id` int NOT NULL,
  `id_application` int NOT NULL,
  `id_user` int NOT NULL,
  `type_comment` int NOT NULL DEFAULT '0' COMMENT '0 - обычный комментарий 1 - для файлов перевозчика 2 - для файлов клиента',
  `comment` text NOT NULL,
  `date_time` datetime NOT NULL,
  `important` tinyint(1) NOT NULL DEFAULT '0' COMMENT '0 - не важный\r\n1 - важный',
  `visible` tinyint(1) NOT NULL DEFAULT '1' COMMENT '0 - скрыт\r\n1-Видно \r\nПо дефолту - 1  '
) ENGINE=InnoDB DEFAULT CHARSET=utf8mb4 COLLATE=utf8mb4_0900_ai_ci;

-- --------------------------------------------------------

--
-- Структура таблицы `ts_files`
--

CREATE TABLE `ts_files` (
  `id` int NOT NULL,
  `name` varchar(999) NOT NULL,
  `link` varchar(999) NOT NULL,
  `date` date NOT NULL,
  `application_id` int NOT NULL DEFAULT '0',
  `document_id` int NOT NULL,
  `client_id` int NOT NULL
) ENGINE=InnoDB DEFAULT CHARSET=utf8mb4 COLLATE=utf8mb4_0900_ai_ci;

-- --------------------------------------------------------

--
-- Структура таблицы `ts_history_payment`
--

CREATE TABLE `ts_history_payment` (
  `id` int NOT NULL,
  `id_user` int NOT NULL,
  `id_application` int NOT NULL,
  `id_user_application` int NOT NULL,
  `side` int NOT NULL,
  `quantity` float NOT NULL,
  `date` datetime NOT NULL
) ENGINE=InnoDB DEFAULT CHARSET=utf8mb4 COLLATE=utf8mb4_0900_ai_ci;

-- --------------------------------------------------------

--
-- Структура таблицы `ts_manager_journal_event`
--

CREATE TABLE `ts_manager_journal_event` (
  `id` int NOT NULL,
  `application_id` int NOT NULL,
  `event` varchar(255) NOT NULL,
  `status` int NOT NULL DEFAULT '0'
) ENGINE=InnoDB DEFAULT CHARSET=utf8mb4 COLLATE=utf8mb4_0900_ai_ci;

-- --------------------------------------------------------

--
-- Структура таблицы `ts_tasks`
--

CREATE TABLE `ts_tasks` (
  `id` int NOT NULL,
  `name` varchar(255) CHARACTER SET utf8mb4 COLLATE utf8mb4_unicode_ci NOT NULL,
  `create_datetime` datetime NOT NULL,
  `deadline` datetime NOT NULL,
  `date_completion` varchar(255) CHARACTER SET utf8mb4 COLLATE utf8mb4_unicode_ci NOT NULL,
  `comment` text CHARACTER SET utf8mb4 COLLATE utf8mb4_unicode_ci NOT NULL,
  `executor_id` int NOT NULL,
  `status` int NOT NULL,
  `application_id` int NOT NULL
) ENGINE=InnoDB DEFAULT CHARSET=utf8mb4 COLLATE=utf8mb4_unicode_ci;

-- --------------------------------------------------------

--
-- Структура таблицы `ts_transport`
--

CREATE TABLE `ts_transport` (
  `id` int NOT NULL,
  `car_brand` varchar(255) CHARACTER SET utf8mb4 COLLATE utf8mb4_0900_ai_ci NOT NULL,
  `government_number` varchar(255) CHARACTER SET utf8mb4 COLLATE utf8mb4_0900_ai_ci NOT NULL,
  `pp` varchar(255) CHARACTER SET utf8mb4 COLLATE utf8mb4_0900_ai_ci DEFAULT NULL,
  `type_transport` varchar(255) NOT NULL,
  `type_carcase` varchar(255) CHARACTER SET utf8mb4 COLLATE utf8mb4_0900_ai_ci DEFAULT NULL
) ENGINE=InnoDB DEFAULT CHARSET=utf8mb4 COLLATE=utf8mb4_0900_ai_ci;

-- --------------------------------------------------------

--
-- Структура таблицы `types_plan`
--

CREATE TABLE `types_plan` (
  `id` int NOT NULL,
  `type` varchar(255) NOT NULL,
  `date_start` varchar(255) NOT NULL,
  `date_end` varchar(255) CHARACTER SET utf8mb4 COLLATE utf8mb4_0900_ai_ci NOT NULL,
  `quantity_min_25` int NOT NULL,
  `quantity_max_25` int NOT NULL,
  `quantity_min_20` int NOT NULL,
  `quantity_max_20` int NOT NULL,
  `quantity_min_15` int NOT NULL,
  `quantity_max_15` int NOT NULL,
  `fix_salary` int NOT NULL DEFAULT '0'
) ENGINE=InnoDB DEFAULT CHARSET=utf8mb4 COLLATE=utf8mb4_0900_ai_ci;

--
-- Дамп данных таблицы `types_plan`
--

INSERT INTO `types_plan` (`id`, `type`, `date_start`, `date_end`, `quantity_min_25`, `quantity_max_25`, `quantity_min_20`, `quantity_max_20`, `quantity_min_15`, `quantity_max_15`, `fix_salary`) VALUES
(1, 'Основной план', '0', '-6 month', 600000, 600000, 500000, 599999, 0, 499999, 0),
(2, 'По истечению 3 месяца', '-6 month', '-3 month', 300000, 300000, 200000, 299999, 0, 199999, 0),
(3, '3-ий месяц', '-3 month', '-2 month', 0, 0, 0, 0, 0, 0, 20000),
(4, '2 месяца', '-2 month', '-0 month', 0, 0, 0, 0, 0, 0, 30000);

-- --------------------------------------------------------

--
-- Структура таблицы `type_carcase`
--

CREATE TABLE `type_carcase` (
  `id` int NOT NULL,
  `name` varchar(255) NOT NULL
) ENGINE=InnoDB DEFAULT CHARSET=utf8mb4 COLLATE=utf8mb4_0900_ai_ci;

--
-- Дамп данных таблицы `type_carcase`
--

INSERT INTO `type_carcase` (`id`, `name`) VALUES
(1, 'Тентованная '),
(2, 'Изотермический'),
(3, 'Цельнометаллическая'),
(4, 'Рефрижератор'),
(5, 'Открытая'),
(6, 'Закрытая');

-- --------------------------------------------------------

--
-- Структура таблицы `type_taxation`
--

CREATE TABLE `type_taxation` (
  `id` int NOT NULL,
  `name` varchar(255) NOT NULL
) ENGINE=InnoDB DEFAULT CHARSET=utf8mb4 COLLATE=utf8mb4_0900_ai_ci;

--
-- Дамп данных таблицы `type_taxation`
--

INSERT INTO `type_taxation` (`id`, `name`) VALUES
(1, 'С НДС'),
(2, 'Б/НДС'),
(4, 'НДС 0%');

-- --------------------------------------------------------

--
-- Структура таблицы `type_transport`
--

CREATE TABLE `type_transport` (
  `id` int NOT NULL,
  `name` varchar(255) NOT NULL
) ENGINE=InnoDB DEFAULT CHARSET=utf8mb4 COLLATE=utf8mb4_0900_ai_ci;

--
-- Дамп данных таблицы `type_transport`
--

INSERT INTO `type_transport` (`id`, `name`) VALUES
(1, 'Еврофура 20 тонн 82 куба'),
(2, 'Еврофура 20 тонн 86 кубов'),
(3, 'Еврофура 20 тонн 90 кубов'),
(4, 'Мега фура 20 тонн 110 кубов'),
(5, '10 тонник ≈ 45 кубов'),
(6, '7 тонник ≈ 40 кубов'),
(7, '5 тонник ≈ 30 кубов'),
(8, 'Газель ≈ 20 кубов'),
(9, 'Трал'),
(10, 'Площадка'),
(11, 'Шаланда'),
(12, 'Самосвал'),
(13, 'Бортовая'),
(14, 'Контейнер 5 футов'),
(15, 'Контейнер 10 футов'),
(16, 'Контейнер 20 футов'),
(17, 'Контейнер 40 футов'),
(18, 'Легковой автомобиль');

-- --------------------------------------------------------

--
-- Структура таблицы `users`
--

CREATE TABLE `users` (
  `id` int NOT NULL,
  `login` varchar(255) NOT NULL,
  `email` varchar(255) NOT NULL,
  `password` varchar(255) NOT NULL,
  `name` varchar(255) NOT NULL,
  `surname` varchar(255) NOT NULL,
  `lastname` varchar(255) NOT NULL,
  `phone` varchar(50) NOT NULL,
  `role` int NOT NULL DEFAULT '1',
  `is_rop` tinyint NOT NULL DEFAULT '0',
  `subordinates` text NOT NULL,
  `salary` float NOT NULL DEFAULT '0',
  `procent` float NOT NULL DEFAULT '0',
  `img_avatar` varchar(500) CHARACTER SET utf8mb4 COLLATE utf8mb4_0900_ai_ci NOT NULL DEFAULT '2024/06/empty_avatar.png',
  `registr_date` date NOT NULL DEFAULT '2024-07-10',
  `last_action` datetime NOT NULL,
  `reset_link` varchar(120) NOT NULL DEFAULT '',
  `active` tinyint DEFAULT '1'
) ENGINE=InnoDB DEFAULT CHARSET=utf8mb4 COLLATE=utf8mb4_0900_ai_ci;

--
-- Дамп данных таблицы `users`
--

INSERT INTO `users` (`id`, `login`, `email`, `password`, `name`, `surname`, `lastname`, `phone`, `role`, `is_rop`, `subordinates`, `salary`, `procent`, `img_avatar`, `registr_date`, `last_action`, `reset_link`, `active`) VALUES
(1, 'nel.work.111@gmail.com', 'nel.work.111@gmail.com', '$2y$10$3l0cpODBymy1gdMWPF4R8ujgy8OF8Ib5X3xS.MQTLgXc3UUZsX.ze', 'Никита', '', '', '', 7, 0, '', 0, 0, '2024/06/empty_avatar.png', '2024-07-10', '2026-02-03 05:29:35', '', 1),
(22, 'buhgalter.test@test.ru', 'buhgalter.test@test.ru', '$2y$10$z3Dq67ovYiB6ClsioFYBw.ZIMbpDdua8admFrACcJoJHRybJY5FM6', 'Бухгалтер', 'Б', 'А', '+7 (922)-777-99-99', 3, 0, '', 0, 0, '2024/06/empty_avatar.png', '2025-08-10', '2026-02-02 20:35:58', '', 1),
(55, 'ivan.test@test.ru', 'ivan.test@test.ru', '$2y$10$taCh/zcmJpM5CqWIOHhpxOppyjiYaWRjwvmsZXRGgexL4FYi2DTiq', 'Иван', 'Иванов', 'Иванович', '+7(777)-777-77-77', 1, 0, '', 0, 25, '2024/06/empty_avatar.png', '2025-08-10', '2026-02-03 05:29:35', '', 1),
(56, 'michail.test@test.ru', 'michail.test@test.ru', '$2y$10$l8x0CmfoIIY89mf0C2HhZONfr.XHzy.VzMTGtqBPL5VKWrHpVBfea', 'Михаил', 'Михайлов', 'Сергеевич', '+7(999)-777-77-77', 1, 0, '', 0, 25, '2024/06/empty_avatar.png', '2025-08-10', '2026-02-03 05:29:35', '', 1),
(57, 'alexander.test@test.ru', 'alexander.test@test.ru', '$2y$10$s1y3WoL/x4K6/BBXI5aV2.OIXbQnHFUqs10YJMNJqwJiy0w.rTuwa', 'Александр', 'Александров', 'Александрович', '+7(992)-777-77-77', 1, 0, '', 0, 25, '2024/06/empty_avatar.png', '2025-08-10', '2026-02-03 05:29:35', '', 1),
(58, 'alexey.test@test.ru', 'alexey.test@test.ru', '$2y$10$WiWDaaFetWXQoD/wJAbXQugsDvlpSd9Ia28qNLE4oRd64GRn5ZPwS', 'Алексей', 'Алексеев', 'Алексеевич', '+7(922)-777-77-77', 1, 0, '', 0, 25, '2024/06/empty_avatar.png', '2025-08-10', '2026-02-03 05:29:35', '', 1),
(59, 'dmitry.test@test.ru', 'dmitry.test@test.ru', '$2y$10$XOBiRHcmEQUKNwT4waidbetuSoePZ3DD7kvuAxZHGoquBvQWgwYF2', 'Дмитрий', 'Дмитриев', 'Дмитреевич', '+7(990)-777-77-77', 1, 0, '', 0, 25, '2024/06/empty_avatar.png', '2025-08-10', '2026-02-03 05:29:35', '', 1);

-- --------------------------------------------------------

--
-- Структура таблицы `user_settings`
--

CREATE TABLE `user_settings` (
  `id` int NOT NULL,
  `id_user` int NOT NULL,
  `journal_gruz` tinyint NOT NULL DEFAULT '0',
  `journal_email` tinyint NOT NULL DEFAULT '0',
  `journal_ati` tinyint NOT NULL DEFAULT '0',
  `journal_driver_car` tinyint NOT NULL DEFAULT '0',
  `journal_driver_number` tinyint NOT NULL DEFAULT '0'
) ENGINE=InnoDB DEFAULT CHARSET=utf8mb4 COLLATE=utf8mb4_0900_ai_ci;

--
-- Дамп данных таблицы `user_settings`
--

INSERT INTO `user_settings` (`id`, `id_user`, `journal_gruz`, `journal_email`, `journal_ati`, `journal_driver_car`, `journal_driver_number`) VALUES
(1, 55, 0, 0, 0, 0, 0);

--
-- Индексы сохранённых таблиц
--

--
-- Индексы таблицы `addition`
--
ALTER TABLE `addition`
  ADD PRIMARY KEY (`id`);

--
-- Индексы таблицы `additional_expenses`
--
ALTER TABLE `additional_expenses`
  ADD PRIMARY KEY (`id`),
  ADD KEY `id_application` (`id_application`);

--
-- Индексы таблицы `additional_expenses_prr`
--
ALTER TABLE `additional_expenses_prr`
  ADD PRIMARY KEY (`id`);

--
-- Индексы таблицы `additional_expenses_ts`
--
ALTER TABLE `additional_expenses_ts`
  ADD PRIMARY KEY (`id`);

--
-- Индексы таблицы `additional_profit`
--
ALTER TABLE `additional_profit`
  ADD PRIMARY KEY (`id`),
  ADD KEY `id_application` (`id_application`);

--
-- Индексы таблицы `additional_profit_ts`
--
ALTER TABLE `additional_profit_ts`
  ADD PRIMARY KEY (`id`);

--
-- Индексы таблицы `applications`
--
ALTER TABLE `applications`
  ADD PRIMARY KEY (`id`),
  ADD KEY `cr_customer_id` (`customer_id_Carrier`),
  ADD KEY `cl_customer_id` (`customer_id_Client`),
  ADD KEY `cr_carrier_id` (`carrier_id_Carrier`),
  ADD KEY `driver_id` (`driver_id_Carrier`),
  ADD KEY `cl_driver_id` (`driver_id_Client`),
  ADD KEY `cr_car_brand_id` (`car_brand_id_Carrier`),
  ADD KEY `cl_car_brand_id` (`car_brand_id_Client`),
  ADD KEY `cr_type_transport_id` (`type_transport_id_Carrier`),
  ADD KEY `cl_type_transport_id` (`type_transport_id_Client`),
  ADD KEY `cl_client_id` (`client_id_Client`),
  ADD KEY `cr_type_carcase_id` (`type_carcase_id_Carrier`),
  ADD KEY `cl_type_carcase_id` (`type_carcase_id_Client`),
  ADD KEY `id_user` (`id_user`),
  ADD KEY `date` (`date`),
  ADD KEY `application_number` (`application_number`);

--
-- Индексы таблицы `application_document_comment`
--
ALTER TABLE `application_document_comment`
  ADD PRIMARY KEY (`id`),
  ADD KEY `id_application` (`id_application`);

--
-- Индексы таблицы `application_document_comment_history`
--
ALTER TABLE `application_document_comment_history`
  ADD PRIMARY KEY (`id`),
  ADD KEY `id_application` (`id_application`);

--
-- Индексы таблицы `cancelled_applications`
--
ALTER TABLE `cancelled_applications`
  ADD PRIMARY KEY (`id`),
  ADD KEY `id_application` (`id_application`);

--
-- Индексы таблицы `carriers`
--
ALTER TABLE `carriers`
  ADD PRIMARY KEY (`id`);

--
-- Индексы таблицы `car_brands`
--
ALTER TABLE `car_brands`
  ADD PRIMARY KEY (`id`);

--
-- Индексы таблицы `changes`
--
ALTER TABLE `changes`
  ADD PRIMARY KEY (`id`),
  ADD KEY `application_id` (`application_id`),
  ADD KEY `user_id` (`user_id`);

--
-- Индексы таблицы `clients`
--
ALTER TABLE `clients`
  ADD PRIMARY KEY (`id`),
  ADD KEY `type_taxation_id` (`type_taxation_id`),
  ADD KEY `quantity_applications` (`quantity_applications`);

--
-- Индексы таблицы `clients_info`
--
ALTER TABLE `clients_info`
  ADD PRIMARY KEY (`id`);

--
-- Индексы таблицы `comments_application`
--
ALTER TABLE `comments_application`
  ADD PRIMARY KEY (`id`),
  ADD KEY `id_application` (`id_application`);

--
-- Индексы таблицы `comments_application_compete_supervisor`
--
ALTER TABLE `comments_application_compete_supervisor`
  ADD PRIMARY KEY (`id`);

--
-- Индексы таблицы `conditions`
--
ALTER TABLE `conditions`
  ADD PRIMARY KEY (`id`);

--
-- Индексы таблицы `contact_faces`
--
ALTER TABLE `contact_faces`
  ADD PRIMARY KEY (`id`),
  ADD KEY `client_id` (`client_id`);

--
-- Индексы таблицы `customers`
--
ALTER TABLE `customers`
  ADD PRIMARY KEY (`id`);

--
-- Индексы таблицы `document_flow`
--
ALTER TABLE `document_flow`
  ADD PRIMARY KEY (`id`);

--
-- Индексы таблицы `drivers`
--
ALTER TABLE `drivers`
  ADD PRIMARY KEY (`id`);

--
-- Индексы таблицы `drivers_cars`
--
ALTER TABLE `drivers_cars`
  ADD PRIMARY KEY (`id`),
  ADD KEY `id_driver` (`id_driver`);

--
-- Индексы таблицы `files`
--
ALTER TABLE `files`
  ADD PRIMARY KEY (`id`),
  ADD KEY `application_id` (`application_id`),
  ADD KEY `document_id` (`document_id`),
  ADD KEY `client_id` (`client_id`);

--
-- Индексы таблицы `files_bank_statement`
--
ALTER TABLE `files_bank_statement`
  ADD PRIMARY KEY (`id`);

--
-- Индексы таблицы `fines`
--
ALTER TABLE `fines`
  ADD PRIMARY KEY (`id`);

--
-- Индексы таблицы `fines_manager`
--
ALTER TABLE `fines_manager`
  ADD PRIMARY KEY (`id`);

--
-- Индексы таблицы `forwarders`
--
ALTER TABLE `forwarders`
  ADD PRIMARY KEY (`id`);

--
-- Индексы таблицы `history_payment`
--
ALTER TABLE `history_payment`
  ADD PRIMARY KEY (`id`),
  ADD KEY `id_application` (`id_application`);

--
-- Индексы таблицы `main_site_form_feedback`
--
ALTER TABLE `main_site_form_feedback`
  ADD PRIMARY KEY (`id`);

--
-- Индексы таблицы `manager_journal_event`
--
ALTER TABLE `manager_journal_event`
  ADD PRIMARY KEY (`id`),
  ADD KEY `application_id` (`application_id`);

--
-- Индексы таблицы `notifications`
--
ALTER TABLE `notifications`
  ADD PRIMARY KEY (`id`),
  ADD KEY `id_from_user` (`id_from_user`),
  ADD KEY `id_to_user` (`id_to_user`),
  ADD KEY `id_application` (`id_application`);

--
-- Индексы таблицы `payment`
--
ALTER TABLE `payment`
  ADD PRIMARY KEY (`id`);

--
-- Индексы таблицы `payments_managers`
--
ALTER TABLE `payments_managers`
  ADD PRIMARY KEY (`id`);

--
-- Индексы таблицы `payment_history_additional_expenses`
--
ALTER TABLE `payment_history_additional_expenses`
  ADD PRIMARY KEY (`id`);

--
-- Индексы таблицы `payment_history_additional_expenses_prr`
--
ALTER TABLE `payment_history_additional_expenses_prr`
  ADD PRIMARY KEY (`id`);

--
-- Индексы таблицы `plan_execution_managers`
--
ALTER TABLE `plan_execution_managers`
  ADD PRIMARY KEY (`id`),
  ADD KEY `id_user` (`id_user`),
  ADD KEY `id_plan` (`id_plan`);

--
-- Индексы таблицы `prr_application`
--
ALTER TABLE `prr_application`
  ADD PRIMARY KEY (`id`);

--
-- Индексы таблицы `prr_application_document_comment`
--
ALTER TABLE `prr_application_document_comment`
  ADD PRIMARY KEY (`id`);

--
-- Индексы таблицы `prr_application_document_comment_history`
--
ALTER TABLE `prr_application_document_comment_history`
  ADD PRIMARY KEY (`id`);

--
-- Индексы таблицы `prr_company`
--
ALTER TABLE `prr_company`
  ADD PRIMARY KEY (`id`);

--
-- Индексы таблицы `prr_files`
--
ALTER TABLE `prr_files`
  ADD PRIMARY KEY (`id`),
  ADD KEY `application_id` (`application_id`);

--
-- Индексы таблицы `prr_history_payment`
--
ALTER TABLE `prr_history_payment`
  ADD PRIMARY KEY (`id`),
  ADD KEY `id_application` (`id_application`);

--
-- Индексы таблицы `prr_manager_journal_event`
--
ALTER TABLE `prr_manager_journal_event`
  ADD PRIMARY KEY (`id`),
  ADD KEY `application_id` (`application_id`);

--
-- Индексы таблицы `prr_place`
--
ALTER TABLE `prr_place`
  ADD PRIMARY KEY (`id`);

--
-- Индексы таблицы `prr_register_payment_application_comment`
--
ALTER TABLE `prr_register_payment_application_comment`
  ADD PRIMARY KEY (`id`);

--
-- Индексы таблицы `prr_register_payment_history`
--
ALTER TABLE `prr_register_payment_history`
  ADD PRIMARY KEY (`id`);

--
-- Индексы таблицы `prr_tasks`
--
ALTER TABLE `prr_tasks`
  ADD PRIMARY KEY (`id`),
  ADD KEY `application_id` (`application_id`);

--
-- Индексы таблицы `register_payment_application_comment`
--
ALTER TABLE `register_payment_application_comment`
  ADD PRIMARY KEY (`id`);

--
-- Индексы таблицы `register_payment_history`
--
ALTER TABLE `register_payment_history`
  ADD PRIMARY KEY (`id`);

--
-- Индексы таблицы `roles`
--
ALTER TABLE `roles`
  ADD PRIMARY KEY (`id`);

--
-- Индексы таблицы `routes`
--
ALTER TABLE `routes`
  ADD PRIMARY KEY (`id`),
  ADD KEY `id_application` (`id_application`);

--
-- Индексы таблицы `routes_ts`
--
ALTER TABLE `routes_ts`
  ADD PRIMARY KEY (`id`),
  ADD KEY `id_application` (`id_application`);

--
-- Индексы таблицы `salary`
--
ALTER TABLE `salary`
  ADD PRIMARY KEY (`id`),
  ADD KEY `id_user` (`id_user`);

--
-- Индексы таблицы `salary_user_settings`
--
ALTER TABLE `salary_user_settings`
  ADD PRIMARY KEY (`id`);

--
-- Индексы таблицы `setting_calculator`
--
ALTER TABLE `setting_calculator`
  ADD PRIMARY KEY (`id`);

--
-- Индексы таблицы `tasks`
--
ALTER TABLE `tasks`
  ADD PRIMARY KEY (`id`),
  ADD KEY `application_id` (`application_id`);

--
-- Индексы таблицы `terms_payment`
--
ALTER TABLE `terms_payment`
  ADD PRIMARY KEY (`id`);

--
-- Индексы таблицы `ts_application`
--
ALTER TABLE `ts_application`
  ADD PRIMARY KEY (`id`);

--
-- Индексы таблицы `ts_application_document_comment`
--
ALTER TABLE `ts_application_document_comment`
  ADD PRIMARY KEY (`id`);

--
-- Индексы таблицы `ts_application_document_comment_history`
--
ALTER TABLE `ts_application_document_comment_history`
  ADD PRIMARY KEY (`id`);

--
-- Индексы таблицы `ts_comments_application`
--
ALTER TABLE `ts_comments_application`
  ADD PRIMARY KEY (`id`),
  ADD KEY `id_application` (`id_application`);

--
-- Индексы таблицы `ts_files`
--
ALTER TABLE `ts_files`
  ADD PRIMARY KEY (`id`),
  ADD KEY `application_id` (`application_id`);

--
-- Индексы таблицы `ts_history_payment`
--
ALTER TABLE `ts_history_payment`
  ADD PRIMARY KEY (`id`);

--
-- Индексы таблицы `ts_manager_journal_event`
--
ALTER TABLE `ts_manager_journal_event`
  ADD PRIMARY KEY (`id`);

--
-- Индексы таблицы `ts_tasks`
--
ALTER TABLE `ts_tasks`
  ADD PRIMARY KEY (`id`),
  ADD KEY `application_id` (`application_id`);

--
-- Индексы таблицы `ts_transport`
--
ALTER TABLE `ts_transport`
  ADD PRIMARY KEY (`id`);

--
-- Индексы таблицы `types_plan`
--
ALTER TABLE `types_plan`
  ADD PRIMARY KEY (`id`);

--
-- Индексы таблицы `type_carcase`
--
ALTER TABLE `type_carcase`
  ADD PRIMARY KEY (`id`);

--
-- Индексы таблицы `type_taxation`
--
ALTER TABLE `type_taxation`
  ADD PRIMARY KEY (`id`);

--
-- Индексы таблицы `type_transport`
--
ALTER TABLE `type_transport`
  ADD PRIMARY KEY (`id`);

--
-- Индексы таблицы `users`
--
ALTER TABLE `users`
  ADD PRIMARY KEY (`id`);

--
-- Индексы таблицы `user_settings`
--
ALTER TABLE `user_settings`
  ADD PRIMARY KEY (`id`);

--
-- AUTO_INCREMENT для сохранённых таблиц
--

--
-- AUTO_INCREMENT для таблицы `addition`
--
ALTER TABLE `addition`
  MODIFY `id` int NOT NULL AUTO_INCREMENT, AUTO_INCREMENT=2;

--
-- AUTO_INCREMENT для таблицы `additional_expenses`
--
ALTER TABLE `additional_expenses`
  MODIFY `id` int NOT NULL AUTO_INCREMENT, AUTO_INCREMENT=20;

--
-- AUTO_INCREMENT для таблицы `additional_expenses_prr`
--
ALTER TABLE `additional_expenses_prr`
  MODIFY `id` int NOT NULL AUTO_INCREMENT;

--
-- AUTO_INCREMENT для таблицы `additional_expenses_ts`
--
ALTER TABLE `additional_expenses_ts`
  MODIFY `id` int NOT NULL AUTO_INCREMENT;

--
-- AUTO_INCREMENT для таблицы `additional_profit`
--
ALTER TABLE `additional_profit`
  MODIFY `id` int NOT NULL AUTO_INCREMENT;

--
-- AUTO_INCREMENT для таблицы `additional_profit_ts`
--
ALTER TABLE `additional_profit_ts`
  MODIFY `id` int NOT NULL AUTO_INCREMENT;

--
-- AUTO_INCREMENT для таблицы `applications`
--
ALTER TABLE `applications`
  MODIFY `id` int NOT NULL AUTO_INCREMENT, AUTO_INCREMENT=38;

--
-- AUTO_INCREMENT для таблицы `application_document_comment`
--
ALTER TABLE `application_document_comment`
  MODIFY `id` int NOT NULL AUTO_INCREMENT;

--
-- AUTO_INCREMENT для таблицы `application_document_comment_history`
--
ALTER TABLE `application_document_comment_history`
  MODIFY `id` int NOT NULL AUTO_INCREMENT;

--
-- AUTO_INCREMENT для таблицы `cancelled_applications`
--
ALTER TABLE `cancelled_applications`
  MODIFY `id` int NOT NULL AUTO_INCREMENT;

--
-- AUTO_INCREMENT для таблицы `carriers`
--
ALTER TABLE `carriers`
  MODIFY `id` int NOT NULL AUTO_INCREMENT, AUTO_INCREMENT=11;

--
-- AUTO_INCREMENT для таблицы `car_brands`
--
ALTER TABLE `car_brands`
  MODIFY `id` int NOT NULL AUTO_INCREMENT;

--
-- AUTO_INCREMENT для таблицы `changes`
--
ALTER TABLE `changes`
  MODIFY `id` int NOT NULL AUTO_INCREMENT, AUTO_INCREMENT=46;

--
-- AUTO_INCREMENT для таблицы `clients`
--
ALTER TABLE `clients`
  MODIFY `id` int NOT NULL AUTO_INCREMENT, AUTO_INCREMENT=12;

--
-- AUTO_INCREMENT для таблицы `clients_info`
--
ALTER TABLE `clients_info`
  MODIFY `id` int NOT NULL AUTO_INCREMENT, AUTO_INCREMENT=5;

--
-- AUTO_INCREMENT для таблицы `comments_application`
--
ALTER TABLE `comments_application`
  MODIFY `id` int NOT NULL AUTO_INCREMENT, AUTO_INCREMENT=3;

--
-- AUTO_INCREMENT для таблицы `comments_application_compete_supervisor`
--
ALTER TABLE `comments_application_compete_supervisor`
  MODIFY `id` int NOT NULL AUTO_INCREMENT;

--
-- AUTO_INCREMENT для таблицы `conditions`
--
ALTER TABLE `conditions`
  MODIFY `id` int NOT NULL AUTO_INCREMENT;

--
-- AUTO_INCREMENT для таблицы `contact_faces`
--
ALTER TABLE `contact_faces`
  MODIFY `id` int NOT NULL AUTO_INCREMENT;

--
-- AUTO_INCREMENT для таблицы `customers`
--
ALTER TABLE `customers`
  MODIFY `id` int NOT NULL AUTO_INCREMENT, AUTO_INCREMENT=3;

--
-- AUTO_INCREMENT для таблицы `document_flow`
--
ALTER TABLE `document_flow`
  MODIFY `id` int NOT NULL AUTO_INCREMENT, AUTO_INCREMENT=2;

--
-- AUTO_INCREMENT для таблицы `drivers`
--
ALTER TABLE `drivers`
  MODIFY `id` int NOT NULL AUTO_INCREMENT, AUTO_INCREMENT=2;

--
-- AUTO_INCREMENT для таблицы `drivers_cars`
--
ALTER TABLE `drivers_cars`
  MODIFY `id` int NOT NULL AUTO_INCREMENT, AUTO_INCREMENT=2;

--
-- AUTO_INCREMENT для таблицы `files`
--
ALTER TABLE `files`
  MODIFY `id` int NOT NULL AUTO_INCREMENT, AUTO_INCREMENT=26;

--
-- AUTO_INCREMENT для таблицы `files_bank_statement`
--
ALTER TABLE `files_bank_statement`
  MODIFY `id` int NOT NULL AUTO_INCREMENT;

--
-- AUTO_INCREMENT для таблицы `fines`
--
ALTER TABLE `fines`
  MODIFY `id` int NOT NULL AUTO_INCREMENT;

--
-- AUTO_INCREMENT для таблицы `fines_manager`
--
ALTER TABLE `fines_manager`
  MODIFY `id` int NOT NULL AUTO_INCREMENT;

--
-- AUTO_INCREMENT для таблицы `forwarders`
--
ALTER TABLE `forwarders`
  MODIFY `id` int NOT NULL AUTO_INCREMENT;

--
-- AUTO_INCREMENT для таблицы `history_payment`
--
ALTER TABLE `history_payment`
  MODIFY `id` int NOT NULL AUTO_INCREMENT, AUTO_INCREMENT=7;

--
-- AUTO_INCREMENT для таблицы `main_site_form_feedback`
--
ALTER TABLE `main_site_form_feedback`
  MODIFY `id` int NOT NULL AUTO_INCREMENT;

--
-- AUTO_INCREMENT для таблицы `manager_journal_event`
--
ALTER TABLE `manager_journal_event`
  MODIFY `id` int NOT NULL AUTO_INCREMENT, AUTO_INCREMENT=7;

--
-- AUTO_INCREMENT для таблицы `notifications`
--
ALTER TABLE `notifications`
  MODIFY `id` int NOT NULL AUTO_INCREMENT, AUTO_INCREMENT=6;

--
-- AUTO_INCREMENT для таблицы `payment`
--
ALTER TABLE `payment`
  MODIFY `id` int NOT NULL AUTO_INCREMENT;

--
-- AUTO_INCREMENT для таблицы `payments_managers`
--
ALTER TABLE `payments_managers`
  MODIFY `id` int NOT NULL AUTO_INCREMENT;

--
-- AUTO_INCREMENT для таблицы `payment_history_additional_expenses`
--
ALTER TABLE `payment_history_additional_expenses`
  MODIFY `id` int NOT NULL AUTO_INCREMENT;

--
-- AUTO_INCREMENT для таблицы `payment_history_additional_expenses_prr`
--
ALTER TABLE `payment_history_additional_expenses_prr`
  MODIFY `id` int NOT NULL AUTO_INCREMENT;

--
-- AUTO_INCREMENT для таблицы `plan_execution_managers`
--
ALTER TABLE `plan_execution_managers`
  MODIFY `id` int NOT NULL AUTO_INCREMENT, AUTO_INCREMENT=7;

--
-- AUTO_INCREMENT для таблицы `prr_application`
--
ALTER TABLE `prr_application`
  MODIFY `id` int NOT NULL AUTO_INCREMENT;

--
-- AUTO_INCREMENT для таблицы `prr_application_document_comment`
--
ALTER TABLE `prr_application_document_comment`
  MODIFY `id` int NOT NULL AUTO_INCREMENT;

--
-- AUTO_INCREMENT для таблицы `prr_application_document_comment_history`
--
ALTER TABLE `prr_application_document_comment_history`
  MODIFY `id` int NOT NULL AUTO_INCREMENT;

--
-- AUTO_INCREMENT для таблицы `prr_company`
--
ALTER TABLE `prr_company`
  MODIFY `id` int NOT NULL AUTO_INCREMENT;

--
-- AUTO_INCREMENT для таблицы `prr_files`
--
ALTER TABLE `prr_files`
  MODIFY `id` int NOT NULL AUTO_INCREMENT;

--
-- AUTO_INCREMENT для таблицы `prr_history_payment`
--
ALTER TABLE `prr_history_payment`
  MODIFY `id` int NOT NULL AUTO_INCREMENT;

--
-- AUTO_INCREMENT для таблицы `prr_manager_journal_event`
--
ALTER TABLE `prr_manager_journal_event`
  MODIFY `id` int NOT NULL AUTO_INCREMENT;

--
-- AUTO_INCREMENT для таблицы `prr_place`
--
ALTER TABLE `prr_place`
  MODIFY `id` int NOT NULL AUTO_INCREMENT;

--
-- AUTO_INCREMENT для таблицы `prr_register_payment_application_comment`
--
ALTER TABLE `prr_register_payment_application_comment`
  MODIFY `id` int NOT NULL AUTO_INCREMENT;

--
-- AUTO_INCREMENT для таблицы `prr_register_payment_history`
--
ALTER TABLE `prr_register_payment_history`
  MODIFY `id` int NOT NULL AUTO_INCREMENT;

--
-- AUTO_INCREMENT для таблицы `prr_tasks`
--
ALTER TABLE `prr_tasks`
  MODIFY `id` int NOT NULL AUTO_INCREMENT;

--
-- AUTO_INCREMENT для таблицы `register_payment_application_comment`
--
ALTER TABLE `register_payment_application_comment`
  MODIFY `id` int NOT NULL AUTO_INCREMENT;

--
-- AUTO_INCREMENT для таблицы `register_payment_history`
--
ALTER TABLE `register_payment_history`
  MODIFY `id` int NOT NULL AUTO_INCREMENT;

--
-- AUTO_INCREMENT для таблицы `roles`
--
ALTER TABLE `roles`
  MODIFY `id` int NOT NULL AUTO_INCREMENT, AUTO_INCREMENT=8;

--
-- AUTO_INCREMENT для таблицы `routes`
--
ALTER TABLE `routes`
  MODIFY `id` int NOT NULL AUTO_INCREMENT, AUTO_INCREMENT=161;

--
-- AUTO_INCREMENT для таблицы `routes_ts`
--
ALTER TABLE `routes_ts`
  MODIFY `id` int NOT NULL AUTO_INCREMENT;

--
-- AUTO_INCREMENT для таблицы `salary`
--
ALTER TABLE `salary`
  MODIFY `id` int NOT NULL AUTO_INCREMENT, AUTO_INCREMENT=61;

--
-- AUTO_INCREMENT для таблицы `salary_user_settings`
--
ALTER TABLE `salary_user_settings`
  MODIFY `id` int NOT NULL AUTO_INCREMENT, AUTO_INCREMENT=31;

--
-- AUTO_INCREMENT для таблицы `setting_calculator`
--
ALTER TABLE `setting_calculator`
  MODIFY `id` int NOT NULL AUTO_INCREMENT;

--
-- AUTO_INCREMENT для таблицы `tasks`
--
ALTER TABLE `tasks`
  MODIFY `id` int NOT NULL AUTO_INCREMENT, AUTO_INCREMENT=2;

--
-- AUTO_INCREMENT для таблицы `terms_payment`
--
ALTER TABLE `terms_payment`
  MODIFY `id` int NOT NULL AUTO_INCREMENT, AUTO_INCREMENT=52;

--
-- AUTO_INCREMENT для таблицы `ts_application`
--
ALTER TABLE `ts_application`
  MODIFY `id` int NOT NULL AUTO_INCREMENT;

--
-- AUTO_INCREMENT для таблицы `ts_application_document_comment`
--
ALTER TABLE `ts_application_document_comment`
  MODIFY `id` int NOT NULL AUTO_INCREMENT;

--
-- AUTO_INCREMENT для таблицы `ts_comments_application`
--
ALTER TABLE `ts_comments_application`
  MODIFY `id` int NOT NULL AUTO_INCREMENT;

--
-- AUTO_INCREMENT для таблицы `ts_files`
--
ALTER TABLE `ts_files`
  MODIFY `id` int NOT NULL AUTO_INCREMENT;

--
-- AUTO_INCREMENT для таблицы `ts_history_payment`
--
ALTER TABLE `ts_history_payment`
  MODIFY `id` int NOT NULL AUTO_INCREMENT;

--
-- AUTO_INCREMENT для таблицы `ts_manager_journal_event`
--
ALTER TABLE `ts_manager_journal_event`
  MODIFY `id` int NOT NULL AUTO_INCREMENT;

--
-- AUTO_INCREMENT для таблицы `ts_tasks`
--
ALTER TABLE `ts_tasks`
  MODIFY `id` int NOT NULL AUTO_INCREMENT;

--
-- AUTO_INCREMENT для таблицы `ts_transport`
--
ALTER TABLE `ts_transport`
  MODIFY `id` int NOT NULL AUTO_INCREMENT;

--
-- AUTO_INCREMENT для таблицы `types_plan`
--
ALTER TABLE `types_plan`
  MODIFY `id` int NOT NULL AUTO_INCREMENT, AUTO_INCREMENT=9;

--
-- AUTO_INCREMENT для таблицы `type_carcase`
--
ALTER TABLE `type_carcase`
  MODIFY `id` int NOT NULL AUTO_INCREMENT, AUTO_INCREMENT=7;

--
-- AUTO_INCREMENT для таблицы `type_taxation`
--
ALTER TABLE `type_taxation`
  MODIFY `id` int NOT NULL AUTO_INCREMENT, AUTO_INCREMENT=5;

--
-- AUTO_INCREMENT для таблицы `type_transport`
--
ALTER TABLE `type_transport`
  MODIFY `id` int NOT NULL AUTO_INCREMENT, AUTO_INCREMENT=19;

--
-- AUTO_INCREMENT для таблицы `users`
--
ALTER TABLE `users`
  MODIFY `id` int NOT NULL AUTO_INCREMENT, AUTO_INCREMENT=61;

--
-- AUTO_INCREMENT для таблицы `user_settings`
--
ALTER TABLE `user_settings`
  MODIFY `id` int NOT NULL AUTO_INCREMENT, AUTO_INCREMENT=2;
COMMIT;

/*!40101 SET CHARACTER_SET_CLIENT=@OLD_CHARACTER_SET_CLIENT */;
/*!40101 SET CHARACTER_SET_RESULTS=@OLD_CHARACTER_SET_RESULTS */;
/*!40101 SET COLLATION_CONNECTION=@OLD_COLLATION_CONNECTION */;
